task_id,varc_error_type,varc_cell_accuracy,varc_correct,n_views,n_unique_grids,view_level_accuracy,top1_share,top2_share,top1_top2_gap,vote_entropy,human_n,human_accuracy,human_error_mode,human_mean_cell_acc,human_n_responses,human_n_unique_grids,human_top1_share,human_top1_correct,human_top1_top2_gap,human_vote_entropy,both_correct,human_only,varc_only,both_wrong
00576224,correct,1.0,True,510.0,20.0,0.9549019607843138,0.9549019607843138,0.0058823529411764705,0.9490196078431372,0.31332630703314507,6,0.8333333333333334,correct,0.9166666666666666,6,2,0.8333333333333334,True,0.6666666666666666,0.45056120886630463,True,False,False,False
009d5c81,correct,1.0,True,510.0,3.0,0.996078431372549,0.996078431372549,0.00196078431372549,0.9941176470588236,0.028362538718628694,9,0.7777777777777778,correct,0.8673469387755102,9,3,0.7777777777777778,True,0.6666666666666666,0.6837389058487535,True,False,False,False
00dbd492,close_miss,0.88,False,510.0,353.0,0.00980392156862745,0.12352941176470589,0.01764705882352941,0.10588235294117647,5.403820286253906,13,0.9230769230769231,correct,,13,2,0.9230769230769231,True,0.8461538461538461,0.2711893730418441,False,True,False,False
03560426,close_miss,0.83,False,510.0,369.0,0.0,0.029411764705882353,0.013725490196078431,0.01568627450980392,5.737000447959717,10,0.7,correct,0.7566666666666667,10,4,0.7,True,0.6,0.9404479886553263,False,True,False,False
05a7bcf2,close_miss,0.9955555555555555,False,510.0,313.0,0.01764705882352941,0.025490196078431372,0.023529411764705882,0.00196078431372549,5.5437432188478075,5,1.0,correct,,5,1,1.0,True,1.0,0.0,False,True,False,False
0607ce86,correct,1.0,True,510.0,28.0,0.8352941176470589,0.8352941176470589,0.029411764705882353,0.8058823529411765,0.9236029133441688,12,0.75,correct,0.8876262626262627,12,4,0.75,True,0.6666666666666666,0.8369882167858358,True,False,False,False
0692e18c,correct,1.0,True,510.0,190.0,0.16666666666666666,0.16666666666666666,0.045098039215686274,0.12156862745098039,4.399806046316444,12,0.3333333333333333,correct,0.7757201646090536,12,9,0.3333333333333333,True,0.25,2.022808529414704,False,False,True,False
070dd51e,close_miss,0.9925,True,510.0,11.0,0.1803921568627451,0.3764705882352941,0.1803921568627451,0.19607843137254902,1.6693731814323003,12,0.75,correct,0.9508333333333333,12,4,0.75,True,0.6666666666666666,0.8369882167858358,True,False,False,False
08573cc6,wrong_content,0.6627218934911243,False,510.0,378.0,0.0,0.013725490196078431,0.011764705882352941,0.00196078431372549,5.789896662873783,7,0.2857142857142857,wrong_content,0.7041420118343196,7,4,0.42857142857142855,False,0.14285714285714285,1.277034259466139,False,False,False,True
0934a4d8,wrong_content,0.25925925925925924,False,510.0,371.0,0.0,0.011764705882352941,0.00980392156862745,0.00196078431372549,5.810072592377154,9,0.1111111111111111,wrong_content,0.25925925925925924,9,9,0.1111111111111111,True,0.0,2.1972245773362196,False,False,False,True
09c534e7,close_miss,0.9955555555555555,False,510.0,288.0,0.011764705882352941,0.03137254901960784,0.021568627450980392,0.00980392156862745,5.445165394184315,11,0.8181818181818182,correct,0.7538888888888888,11,3,0.8181818181818182,True,0.7272727272727273,0.6001660731596457,False,True,False,False
0a1d4ef5,wrong_size,,False,510.0,9.0,0.0,0.4588235294117647,0.3588235294117647,0.1,1.3271827079946976,7,1.0,correct,,7,1,1.0,True,1.0,0.0,False,True,False,False
0a2355a6,close_miss,0.8117647058823529,False,510.0,261.0,0.00980392156862745,0.16862745098039217,0.0784313725490196,0.09019607843137255,4.529547146148888,9,0.6666666666666666,correct,0.7934640522875817,9,4,0.6666666666666666,True,0.5555555555555556,1.0027182645175161,False,True,False,False
0b17323b,correct,1.0,True,510.0,23.0,0.47843137254901963,0.47843137254901963,0.12156862745098039,0.3568627450980392,1.9253206588551142,11,0.8181818181818182,correct,0.9733333333333334,11,3,0.8181818181818182,True,0.7272727272727273,0.6001660731596457,True,False,False,False
0bb8deee,correct,1.0,True,510.0,110.0,0.7274509803921568,0.7274509803921568,0.01568627450980392,0.711764705882353,1.8287037555169314,11,0.7272727272727273,correct,,11,4,0.7272727272727273,True,0.6363636363636364,0.8855741515766717,True,False,False,False
0becf7df,correct,1.0,True,510.0,325.0,0.08627450980392157,0.08627450980392157,0.025490196078431372,0.060784313725490195,5.372955540074837,13,0.7692307692307693,correct,0.8566666666666666,13,4,0.7692307692307693,True,0.6923076923076923,0.7937300551584247,True,False,False,False
0c786b71,correct,1.0,True,510.0,49.0,0.8941176470588236,0.8941176470588236,0.00392156862745098,0.8901960784313725,0.7438725153158633,12,0.6666666666666666,correct,0.3263888888888889,12,5,0.6666666666666666,True,0.5833333333333334,1.0986122886681098,True,False,False,False
0c9aba6e,correct,1.0,True,510.0,39.0,0.7941176470588235,0.7941176470588235,0.027450980392156862,0.7666666666666667,1.1817209725841211,9,0.1111111111111111,wrong_content,0.7321428571428571,9,9,0.1111111111111111,False,0.0,2.1972245773362196,False,False,True,False
0d87d2a6,close_miss,0.9791304347826087,True,510.0,190.0,0.041176470588235294,0.3431372549019608,0.041176470588235294,0.30196078431372547,3.8899887245350073,9,0.6666666666666666,correct,0.8597101449275363,9,4,0.6666666666666666,True,0.5555555555555556,1.0027182645175161,True,False,False,False
0e671a1a,correct,1.0,True,510.0,16.0,0.8509803921568627,0.8509803921568627,0.08431372549019608,0.7666666666666667,0.6652897257856297,14,0.6428571428571429,correct,0.8189349112426034,14,6,0.6428571428571429,True,0.5714285714285714,1.2265558156134033,True,False,False,False
0f63c0b9,close_miss,0.9911111111111112,True,510.0,4.0,0.3764705882352941,0.47058823529411764,0.3764705882352941,0.09411764705882353,1.1144243438345187,10,0.5,correct,0.8288888888888889,10,6,0.5,True,0.4,1.4978661367769952,False,False,True,False
103eff5b,close_miss,0.8846153846153846,False,510.0,231.0,0.0,0.22549019607843138,0.07450980392156863,0.15098039215686274,4.262754951534553,12,0.5,correct,0.8092948717948718,12,7,0.5,True,0.4166666666666667,1.589026915173973,False,False,False,True
11e1fe23,close_miss,0.9642857142857143,False,510.0,176.0,0.0,0.060784313725490195,0.050980392156862744,0.00980392156862745,4.664253200469376,13,0.6153846153846154,correct,0.9434523809523809,13,6,0.6153846153846154,True,0.5384615384615384,1.2852930241200995,False,True,False,False
12422b43,correct,1.0,True,510.0,70.0,0.3784313725490196,0.3784313725490196,0.14901960784313725,0.22941176470588234,2.549355400069431,13,0.6153846153846154,correct,0.8035714285714286,13,6,0.6153846153846154,True,0.5384615384615384,1.2852930241200995,True,False,False,False
12997ef3,wrong_size,,False,510.0,374.0,0.0,0.012745098039215686,0.011764705882352941,0.000980392156862745,5.784649084076843,11,0.6363636363636364,correct,,11,5,0.6363636363636364,True,0.5454545454545454,1.159588814308626,False,True,False,False
12eac192,close_miss,0.875,False,510.0,277.0,0.00196078431372549,0.054901960784313725,0.0392156862745098,0.01568627450980392,5.176491900040181,8,0.375,wrong_content,0.725,8,6,0.375,True,0.25,1.6674619334292948,False,False,False,True
136b0064,wrong_content,0.7218045112781954,False,510.0,435.0,0.0,0.00784313725490196,0.00784313725490196,0.0,6.012489173689287,8,0.25,close_miss,0.8150375939849624,8,7,0.25,True,0.125,1.9061547465398496,False,False,False,True
13713586,correct,1.0,True,510.0,1.0,1.0,1.0,0.0,1.0,0.0,8,0.5,correct,0.7241715399610137,8,5,0.5,True,0.375,1.3862943611198906,False,False,True,False
137f0df0,correct,1.0,True,510.0,19.0,0.9490196078431372,0.9490196078431372,0.00784313725490196,0.9411764705882353,0.3430269137557659,8,0.75,correct,0.69,8,3,0.75,True,0.625,0.7356219397587946,True,False,False,False
140c817e,correct,1.0,True,510.0,4.0,0.9823529411764705,0.9823529411764705,0.013725490196078431,0.9686274509803922,0.10080086750875492,14,0.6428571428571429,correct,0.7461734693877551,14,6,0.6428571428571429,True,0.5714285714285714,1.2265558156134033,True,False,False,False
14754a24,correct,1.0,True,510.0,211.0,0.07450980392156863,0.07450980392156863,0.047058823529411764,0.027450980392156862,4.827334454730743,9,0.4444444444444444,correct,0.9787626962142199,9,6,0.4444444444444444,True,0.3333333333333333,1.5810937501718239,False,False,True,False
15113be4,close_miss,0.9848771266540642,False,510.0,367.0,0.0,0.01568627450980392,0.013725490196078431,0.00196078431372549,5.768339738651905,10,0.7,correct,0.9332073093887838,10,4,0.7,True,0.6,0.9404479886553263,False,True,False,False
15663ba9,correct,1.0,True,510.0,70.0,0.21372549019607842,0.21372549019607842,0.11176470588235295,0.10196078431372549,3.1633376487062757,9,0.6666666666666666,correct,0.8958333333333333,9,4,0.6666666666666666,True,0.5555555555555556,1.0027182645175161,True,False,False,False
15696249,correct,1.0,True,510.0,30.0,0.8941176470588236,0.8941176470588236,0.0196078431372549,0.8745098039215686,0.6664116618649569,15,0.6,correct,0.5037037037037038,15,6,0.6,True,0.4666666666666667,1.297295830625819,True,False,False,False
16b78196,close_miss,0.9222222222222223,False,510.0,382.0,0.0,0.00784313725490196,0.00784313725490196,0.0,5.851341390330122,7,0.5714285714285714,correct,0.842962962962963,7,4,0.5714285714285714,True,0.42857142857142855,1.15374194270109,False,True,False,False
17b80ad2,correct,1.0,True,510.0,301.0,0.045098039215686274,0.045098039215686274,0.03725490196078431,0.00784313725490196,5.315163113647491,13,0.6153846153846154,correct,0.7482698961937716,13,6,0.6153846153846154,True,0.5384615384615384,1.2852930241200995,True,False,False,False
17cae0c1,wrong_content,0.7777777777777778,False,510.0,158.0,0.01764705882352941,0.31176470588235294,0.08823529411764706,0.2235294117647059,3.5559036787988174,8,0.5,correct,0.08333333333333333,8,5,0.5,True,0.375,1.3862943611198906,False,False,False,True
18419cfa,close_miss,0.9958791208791209,False,510.0,129.0,0.0,0.13725490196078433,0.06862745098039216,0.06862745098039216,4.091759519977689,8,0.5,correct,0.9926739926739927,8,5,0.5,True,0.375,1.3862943611198906,False,False,False,True
184a9768,close_miss,0.9861538461538462,False,510.0,284.0,0.0,0.03137254901960784,0.029411764705882353,0.00196078431372549,5.333149736709865,6,0.6666666666666666,correct,0.6676923076923077,6,3,0.6666666666666666,True,0.5,0.8675632284814612,False,True,False,False
195ba7dc,correct,1.0,True,510.0,7.0,0.9588235294117647,0.9588235294117647,0.01764705882352941,0.9411764705882353,0.2288265218874979,10,0.4,wrong_content,0.41999999999999993,10,7,0.4,True,0.3,1.7480673485460891,False,False,True,False
1990f7a8,correct,1.0,True,510.0,111.0,0.6627450980392157,0.6627450980392157,0.01764705882352941,0.6450980392156863,2.148370111351312,16,0.9375,correct,,16,2,0.9375,True,0.875,0.2337916587064593,True,False,False,False
19bb5feb,correct,1.0,True,510.0,1.0,1.0,1.0,0.0,1.0,0.0,9,1.0,correct,,9,1,1.0,True,1.0,0.0,True,False,False,False
1a2e2828,correct,1.0,True,510.0,1.0,1.0,1.0,0.0,1.0,0.0,8,0.75,correct,,8,3,0.75,True,0.625,0.7356219397587946,True,False,False,False
1a6449f1,wrong_size,,False,510.0,377.0,0.0,0.011764705882352941,0.00980392156862745,0.00196078431372549,5.80284327601773,12,0.5833333333333334,correct,,12,5,0.5833333333333334,True,0.4166666666666667,1.2342678660790765,False,True,False,False
1acc24af,close_miss,0.9166666666666666,False,510.0,52.0,0.0,0.26666666666666666,0.1450980392156863,0.12156862745098039,2.6717618073370826,13,0.23076923076923078,close_miss,0.88125,13,9,0.23076923076923078,True,0.07692307692307693,2.098147389135067,False,False,False,True
1c02dbbe,correct,1.0,True,510.0,123.0,0.5392156862745098,0.5392156862745098,0.06862745098039216,0.47058823529411764,2.594058955832022,8,0.75,correct,,8,3,0.75,True,0.625,0.7356219397587946,True,False,False,False
1c0d0a4b,correct,1.0,True,510.0,1.0,1.0,1.0,0.0,1.0,0.0,7,0.8571428571428571,correct,0.6331360946745562,7,2,0.8571428571428571,True,0.7142857142857143,0.410116318288409,True,False,False,False
1c56ad9f,correct,1.0,True,510.0,264.0,0.2,0.2,0.03137254901960784,0.16862745098039217,4.723269862205006,9,0.1111111111111111,wrong_content,0.7803174603174604,9,9,0.1111111111111111,False,0.0,2.1972245773362196,False,False,True,False
1d0a4b61,correct,1.0,True,510.0,341.0,0.15490196078431373,0.15490196078431373,0.00784313725490196,0.14705882352941177,5.286671956215159,11,0.6363636363636364,correct,0.7013333333333334,11,5,0.6363636363636364,True,0.5454545454545454,1.159588814308626,True,False,False,False
1d398264,correct,1.0,True,510.0,17.5,0.8774509803921569,0.8774509803921569,0.07058823529411765,0.8068627450980392,0.5560798222878476,10,0.8,correct,0.5833333333333334,10,3,0.8,True,0.7,0.639031859650177,True,False,False,False
1da012fc,correct,1.0,True,510.0,8.0,0.8,0.8,0.18627450980392157,0.6137254901960785,0.5744075762672555,12,0.9166666666666666,correct,,12,2,0.9166666666666666,True,0.8333333333333334,0.2868359830561607,True,False,False,False
1e81d6f9,correct,1.0,True,510.0,2.0,0.9980392156862745,0.9980392156862745,0.00196078431372549,0.996078431372549,0.014183195474810515,11,0.45454545454545453,correct,0.9413333333333334,11,7,0.45454545454545453,True,0.36363636363636365,1.666332585328325,False,False,True,False
1e97544e,close_miss,0.9829867674858223,False,510.0,334.0,0.011764705882352941,0.011764705882352941,0.011764705882352941,0.0,5.677492734165312,10,1.0,correct,,10,1,1.0,True,1.0,0.0,False,True,False,False
2037f2c7,wrong_size,,False,510.0,332.0,0.0,0.047058823529411764,0.03137254901960784,0.01568627450980392,5.564217564572543,14,0.42857142857142855,wrong_size,0.8,14,9,0.42857142857142855,True,0.35714285714285715,1.8711604142318068,False,False,False,True
2072aba6,correct,1.0,True,510.0,116.0,0.3568627450980392,0.3568627450980392,0.06274509803921569,0.29411764705882354,3.1654303624046483,9,0.7777777777777778,correct,,9,3,0.7777777777777778,True,0.6666666666666666,0.6837389058487535,True,False,False,False
20818e16,wrong_size,,False,510.0,326.0,0.0,0.03333333333333333,0.021568627450980392,0.011764705882352941,5.544412565881088,10,0.7,correct,,10,4,0.7,True,0.6,0.9404479886553263,False,True,False,False
20981f0e,close_miss,0.995475113122172,False,510.0,30.0,0.043137254901960784,0.6,0.18235294117647058,0.4176470588235294,1.5507045887429967,11,0.6363636363636364,correct,0.9004524886877828,11,5,0.6363636363636364,True,0.5454545454545454,1.159588814308626,False,True,False,False
212895b5,close_miss,0.9461697722567288,False,510.0,379.0,0.0,0.021568627450980392,0.01568627450980392,0.0058823529411764705,5.788228257142157,8,0.5,correct,0.9782608695652174,8,5,0.5,True,0.375,1.3862943611198906,False,False,False,True
21f83797,correct,1.0,True,510.0,1.0,1.0,1.0,0.0,1.0,0.0,17,0.8235294117647058,correct,0.47731755424063116,17,3,0.8235294117647058,True,0.7058823529411765,0.5783252866601272,True,False,False,False
22a4bbc2,wrong_content,0.5568181818181818,False,510.0,349.0,0.0,0.03725490196078431,0.0196078431372549,0.01764705882352941,5.61765134129482,11,0.5454545454545454,correct,0.6079545454545454,11,6,0.5454545454545454,True,0.45454545454545453,1.4205719259467045,False,True,False,False
25094a63,correct,1.0,True,510.0,43.0,0.7,0.7,0.043137254901960784,0.6568627450980392,1.5794207224088892,15,0.6,correct,0.91,15,7,0.6,True,0.5333333333333333,1.3897154547004784,True,False,False,False
2546ccf6,correct,1.0,True,510.0,21.0,0.7450980392156863,0.7450980392156863,0.07647058823529412,0.6686274509803921,1.1579190945199413,11,0.9090909090909091,correct,0.9698996655518395,11,2,0.9090909090909091,True,0.8181818181818182,0.30463609734923813,True,False,False,False
256b0a75,correct,1.0,True,510.0,67.0,0.5803921568627451,0.5803921568627451,0.07450980392156863,0.5058823529411764,2.1486145642123966,9,0.6666666666666666,correct,0.8376923076923077,9,4,0.6666666666666666,True,0.5555555555555556,1.0027182645175161,True,False,False,False
2685904e,close_miss,0.88,False,510.0,170.0,0.0,0.18823529411764706,0.10196078431372549,0.08627450980392157,4.04087913843028,9,0.5555555555555556,correct,0.8975,9,4,0.5555555555555556,True,0.3333333333333333,1.1490596969706202,False,True,False,False
2697da3f,wrong_size,,False,510.0,435.0,0.0,0.00980392156862745,0.00980392156862745,0.0,6.009806057423038,7,0.7142857142857143,correct,,7,3,0.7142857142857143,True,0.5714285714285714,0.7963116401738131,False,True,False,False
2753e76c,wrong_size,,False,510.0,296.0,0.0,0.029411764705882353,0.025490196078431372,0.00392156862745098,5.419898883666996,9,0.8888888888888888,correct,,9,2,0.8888888888888888,True,0.7777777777777778,0.34883209584303193,False,True,False,False
27a77e38,correct,1.0,True,510.0,18.0,0.6568627450980392,0.6568627450980392,0.14705882352941177,0.5098039215686274,1.314929816853941,13,0.6923076923076923,correct,0.9814814814814814,13,5,0.6923076923076923,True,0.6153846153846154,1.0437938808441543,True,False,False,False
27f8ce4f,correct,1.0,True,510.0,82.0,0.8372549019607843,0.8372549019607843,0.00392156862745098,0.8333333333333334,1.157902172050014,5,0.2,wrong_content,0.3950617283950617,5,5,0.2,False,0.0,1.6094379124341005,False,False,True,False
281123b4,close_miss,0.9375,True,510.0,71.0,0.18627450980392157,0.49019607843137253,0.18627450980392157,0.30392156862745096,2.246057600406103,9,0.6666666666666666,correct,0.34375,9,4,0.6666666666666666,True,0.5555555555555556,1.0027182645175161,True,False,False,False
292dd178,correct,1.0,True,510.0,18.0,0.9549019607843138,0.9549019607843138,0.00980392156862745,0.9450980392156862,0.3040099291975251,5,1.0,correct,,5,1,1.0,True,1.0,0.0,True,False,False,False
29700607,close_miss,0.9752066115702479,False,510.0,62.0,0.0,0.17450980392156862,0.11176470588235295,0.06274509803921569,3.1217104479941233,12,0.75,correct,0.7231404958677685,12,4,0.75,True,0.6666666666666666,0.8369882167858358,False,True,False,False
2a5f8217,close_miss,0.9644970414201184,True,510.0,217.0,0.049019607843137254,0.296078431372549,0.049019607843137254,0.24705882352941178,4.082604909121202,10,0.4,close_miss,0.9183431952662723,10,7,0.4,True,0.3,1.7480673485460891,False,False,True,False
2b01abd0,close_miss,0.9821428571428571,True,510.0,93.0,0.15098039215686274,0.1803921568627451,0.15098039215686274,0.029411764705882353,3.23666064748767,14,0.7857142857142857,correct,0.8839285714285714,14,4,0.7857142857142857,True,0.7142857142857143,0.7549967581308246,True,False,False,False
2c0b0aff,correct,1.0,True,510.0,309.0,0.15490196078431373,0.15490196078431373,0.09607843137254903,0.058823529411764705,4.940293915183688,11,0.6363636363636364,correct,0.5875,11,5,0.6363636363636364,True,0.5454545454545454,1.159588814308626,True,False,False,False
2c737e39,close_miss,0.990909090909091,False,510.0,87.0,0.0,0.6235294117647059,0.12156862745098039,0.5019607843137255,1.9648501113363799,14,0.5714285714285714,correct,0.8836363636363636,14,7,0.5714285714285714,True,0.5,1.450805020083924,False,True,False,False
2f0c5170,wrong_size,,False,510.0,218.0,0.0,0.03725490196078431,0.03725490196078431,0.0,4.95939711586294,9,0.7777777777777778,correct,0.8253968253968254,9,3,0.7777777777777778,True,0.6666666666666666,0.6837389058487535,False,True,False,False
310f3251,correct,1.0,True,510.0,97.0,0.5901960784313726,0.5901960784313726,0.1803921568627451,0.40980392156862744,1.970051519966641,7,0.0,wrong_content,0.7013888888888888,7,6,0.2857142857142857,False,0.14285714285714285,1.7478680974667573,False,False,True,False
3194b014,correct,1.0,True,510.0,4.0,0.9901960784313726,0.9901960784313726,0.0058823529411764705,0.984313725490196,0.06441495385550663,11,0.9090909090909091,correct,,11,2,0.9090909090909091,True,0.8181818181818182,0.30463609734923813,True,False,False,False
319f2597,correct,1.0,True,510.0,72.0,0.6176470588235294,0.6176470588235294,0.12549019607843137,0.492156862745098,1.8812070635900096,9,0.7777777777777778,correct,0.9175,9,3,0.7777777777777778,True,0.6666666666666666,0.6837389058487535,True,False,False,False
31adaf00,close_miss,0.97,True,510.0,69.0,0.17450980392156862,0.3333333333333333,0.17450980392156862,0.1588235294117647,2.456915516665316,13,0.8461538461538461,correct,0.58,13,3,0.8461538461538461,True,0.7692307692307693,0.5359610497090694,True,False,False,False
31d5ba1a,correct,1.0,True,510.0,35.5,0.9147058823529411,0.9147058823529411,0.00784313725490196,0.9068627450980392,0.5845727234752548,9,0.0,wrong_content,0.5428571428571429,9,9,0.1111111111111111,False,0.0,2.1972245773362196,False,False,True,False
32e9702f,close_miss,0.98,False,510.0,135.0,0.029411764705882353,0.10588235294117647,0.09803921568627451,0.00784313725490196,3.9273668098470327,12,0.5,correct,0.40666666666666657,12,7,0.5,True,0.4166666666666667,1.589026915173973,False,False,False,True
332efdb3,wrong_content,0.7272727272727273,True,510.0,223.0,0.16470588235294117,0.2,0.16470588235294117,0.03529411764705882,4.209123819006955,15,0.9333333333333333,correct,,15,2,0.9333333333333333,True,0.8666666666666667,0.24493002679463532,True,False,False,False
3391f8c0,correct,1.0,True,510.0,120.0,0.596078431372549,0.596078431372549,0.025490196078431372,0.5705882352941176,2.463557801288296,12,0.75,correct,0.8333333333333334,12,4,0.75,True,0.6666666666666666,0.8369882167858358,True,False,False,False
33b52de3,correct,1.0,True,510.0,217.0,0.5137254901960784,0.5137254901960784,0.0058823529411764705,0.5078431372549019,3.2827231333334552,8,1.0,correct,,8,1,1.0,True,1.0,0.0,True,False,False,False
3490cc26,close_miss,0.9169960474308301,False,510.0,125.0,0.0,0.21372549019607842,0.16470588235294117,0.049019607843137254,3.4247999115303025,10,0.8,correct,0.9051383399209486,10,3,0.8,True,0.7,0.639031859650177,False,True,False,False
34b99a2b,correct,1.0,True,510.0,57.0,0.8509803921568627,0.8509803921568627,0.00980392156862745,0.8411764705882353,1.0033543146506296,9,0.1111111111111111,wrong_content,0.47857142857142865,9,9,0.1111111111111111,False,0.0,2.1972245773362196,False,False,True,False
351d6448,wrong_content,0.5641025641025641,False,510.0,385.0,0.0,0.01568627450980392,0.013725490196078431,0.00196078431372549,5.8157995050909905,7,0.7142857142857143,correct,,7,3,0.7142857142857143,True,0.5714285714285714,0.7963116401738131,False,True,False,False
358ba94e,correct,1.0,True,510.0,22.0,0.46078431372549017,0.46078431372549017,0.18627450980392157,0.27450980392156865,1.828931479672818,10,0.9,correct,,10,2,0.9,True,0.8,0.3250829733914482,True,False,False,False
37d3e8b2,close_miss,0.8464052287581699,False,510.0,263.0,0.00196078431372549,0.19607843137254902,0.13137254901960785,0.06470588235294118,4.427118044482646,7,0.2857142857142857,wrong_content,0.7037037037037037,7,6,0.2857142857142857,True,0.14285714285714285,1.7478680974667573,False,False,False,True
3979b1a8,correct,1.0,True,510.0,67.0,0.8274509803921568,0.8274509803921568,0.00980392156862745,0.8176470588235294,1.164014111815607,8,1.0,correct,,8,1,1.0,True,1.0,0.0,True,False,False,False
3a301edc,close_miss,0.8820861678004536,True,510.0,187.0,0.025490196078431372,0.503921568627451,0.025490196078431372,0.47843137254901963,3.15478670291229,12,0.75,correct,0.5555555555555556,12,3,0.75,True,0.5833333333333334,0.7214636866925115,True,False,False,False
3b4c2228,close_miss,0.9444444444444444,True,510.0,33.5,0.33137254901960783,0.3529411764705882,0.15784313725490196,0.19509803921568628,2.0560345488543583,17,0.8823529411764706,correct,0.6111111111111112,17,3,0.8823529411764706,True,0.8235294117647058,0.4437572842601484,True,False,False,False
3d31c5b3,close_miss,0.9444444444444444,True,510.0,110.0,0.12156862745098039,0.18235294117647058,0.12156862745098039,0.060784313725490195,3.3866046356339656,11,0.2727272727272727,wrong_content,0.3333333333333333,11,9,0.2727272727272727,True,0.18181818181818182,2.0982737395252498,False,False,True,False
3ed85e70,close_miss,0.9822222222222222,False,510.0,313.0,0.0,0.060784313725490195,0.0392156862745098,0.021568627450980392,5.381090409163024,12,0.3333333333333333,close_miss,0.983968253968254,12,9,0.3333333333333333,True,0.25,2.022808529414704,False,False,False,True
3ee1011a,wrong_size,,False,510.0,354.0,0.0,0.0784313725490196,0.027450980392156862,0.050980392156862744,5.5629648549792705,15,0.8,correct,,15,4,0.8,True,0.7333333333333333,0.7201248812718097,False,True,False,False
3f23242b,close_miss,0.9566563467492261,False,510.0,236.0,0.00196078431372549,0.24705882352941178,0.043137254901960784,0.20392156862745098,4.362522822968287,6,0.6666666666666666,correct,0.7120743034055728,6,3,0.6666666666666666,True,0.5,0.8675632284814612,False,True,False,False
40f6cd08,close_miss,0.9566666666666667,False,510.0,380.0,0.0,0.00784313725490196,0.00784313725490196,0.0,5.838416539875202,6,0.5,correct,0.82,6,4,0.5,True,0.3333333333333333,1.2424533248940002,False,False,False,True
414297c0,close_miss,0.8666666666666667,False,510.0,394.0,0.0,0.00980392156862745,0.00784313725490196,0.00196078431372549,5.891312754789269,9,0.7777777777777778,correct,0.6592592592592592,9,3,0.7777777777777778,True,0.6666666666666666,0.6837389058487535,False,True,False,False
423a55dc,close_miss,0.958041958041958,False,510.0,112.0,0.0,0.18823529411764706,0.09411764705882353,0.09411764705882353,3.6266423409988198,8,0.125,close_miss,0.9032634032634032,8,6,0.375,False,0.25,1.6674619334292948,False,False,False,True
42918530,correct,1.0,True,510.0,4.0,0.49607843137254903,0.49607843137254903,0.2411764705882353,0.2549019607843137,1.192841581258913,11,0.7272727272727273,correct,0.96,11,4,0.7272727272727273,True,0.6363636363636364,0.8855741515766717,True,False,False,False
42a15761,close_miss,0.9617224880382775,False,510.0,164.0,0.0,0.07058823529411765,0.050980392156862744,0.0196078431372549,4.568716991581222,6,0.8333333333333334,correct,0.9425837320574163,6,2,0.8333333333333334,True,0.6666666666666666,0.45056120886630463,False,True,False,False
4364c1c4,correct,1.0,True,510.0,196.0,0.30980392156862746,0.30980392156862746,0.07647058823529412,0.23333333333333334,3.912809497454266,11,0.45454545454545453,correct,0.7076923076923076,11,7,0.45454545454545453,True,0.36363636363636365,1.666332585328325,False,False,True,False
456873bc,close_miss,0.9030470914127424,False,510.0,327.0,0.0,0.01764705882352941,0.013725490196078431,0.00392156862745098,5.611545556354966,5,0.6,correct,0.7894736842105263,5,3,0.6,True,0.4,0.9502705392332347,False,True,False,False
45737921,correct,1.0,True,510.0,1.0,1.0,1.0,0.0,1.0,0.0,10,1.0,correct,,10,1,1.0,True,1.0,0.0,True,False,False,False
45bbe264,correct,1.0,True,510.0,6.0,0.9882352941176471,0.9882352941176471,0.00392156862745098,0.984313725490196,0.08232301303388186,11,0.9090909090909091,correct,0.8133333333333334,11,2,0.9090909090909091,True,0.8181818181818182,0.30463609734923813,True,False,False,False
477d2879,correct,1.0,True,510.0,366.0,0.1,0.1,0.021568627450980392,0.0784313725490196,5.506742357298018,13,0.7692307692307693,correct,0.09270216962524656,13,4,0.7692307692307693,True,0.6923076923076923,0.7937300551584247,True,False,False,False
47996f11,close_miss,0.9666666666666667,False,510.0,381.0,0.0,0.00784313725490196,0.00784313725490196,0.0,5.847597189340152,9,0.1111111111111111,close_miss,0.8738888888888889,9,9,0.1111111111111111,False,0.0,2.1972245773362196,False,False,False,True
48131b3c,correct,1.0,True,510.0,32.0,0.9058823529411765,0.9058823529411765,0.00980392156862745,0.8960784313725491,0.6193988929165951,12,0.5,correct,0.015625,12,7,0.5,True,0.4166666666666667,1.589026915173973,False,False,True,False
4852f2fa,wrong_size,,False,510.0,89.0,0.0,0.3911764705882353,0.1264705882352941,0.2647058823529412,2.754078080426768,8,0.5,wrong_size,,8,5,0.5,True,0.375,1.3862943611198906,False,False,False,True
48f8583b,correct,1.0,True,510.0,213.0,0.43333333333333335,0.43333333333333335,0.045098039215686274,0.38823529411764707,3.5211055853532116,16,0.375,wrong_content,0.4444444444444445,16,10,0.375,True,0.25,2.0140355237092673,False,False,True,False
4aab4007,correct,1.0,True,510.0,55.0,0.8411764705882353,0.8411764705882353,0.01568627450980392,0.8254901960784313,1.0445687054222665,7,0.8571428571428571,correct,0.9910714285714286,7,2,0.8571428571428571,True,0.7142857142857143,0.410116318288409,True,False,False,False
4acc7107,wrong_content,0.72,False,510.0,425.0,0.0,0.01568627450980392,0.00980392156862745,0.0058823529411764705,5.973578893953861,12,0.5833333333333334,correct,0.6880000000000001,12,6,0.5833333333333334,True,0.5,1.349792396172401,False,True,False,False
4b6b68e5,close_miss,0.8910256410256411,False,510.0,414.0,0.0,0.013725490196078431,0.00980392156862745,0.00392156862745098,5.926185614104354,14,0.8571428571428571,correct,0.9463141025641026,14,3,0.8571428571428571,True,0.7857142857142857,0.509137344082687,False,True,False,False
4c177718,close_miss,0.9592592592592593,False,510.0,103.0,0.0,0.21764705882352942,0.059803921568627454,0.15784313725490196,3.7188659422308867,16,0.5,correct,0.8407407407407408,16,9,0.5,True,0.4375,1.7328679513998633,False,False,False,True
4cd1b7b2,correct,1.0,True,510.0,28.0,0.8294117647058824,0.8294117647058824,0.060784313725490195,0.7686274509803922,0.8676919758465235,10,0.9,correct,0.75,10,2,0.9,True,0.8,0.3250829733914482,True,False,False,False
4e45f183,close_miss,0.9390581717451524,False,510.0,293.0,0.0,0.03725490196078431,0.03333333333333333,0.00392156862745098,5.3764460195271155,12,0.6666666666666666,correct,0.47506925207756234,12,5,0.6666666666666666,True,0.5833333333333334,1.0986122886681098,False,True,False,False
4e469f39,correct,1.0,True,510.0,72.0,0.7490196078431373,0.7490196078431373,0.03137254901960784,0.7176470588235294,1.5288348972762649,14,0.8571428571428571,correct,0.6200000000000001,14,3,0.8571428571428571,True,0.7857142857142857,0.509137344082687,True,False,False,False
4f537728,correct,1.0,True,510.0,1.0,1.0,1.0,0.0,1.0,0.0,14,0.9285714285714286,correct,0.555,14,2,0.9285714285714286,True,0.8571428571428571,0.25731864054383163,True,False,False,False
4ff4c9da,close_miss,0.9561042524005487,False,510.0,366.0,0.0,0.01568627450980392,0.013725490196078431,0.00196078431372549,5.7655332651358036,7,0.14285714285714285,close_miss,0.9810242341106538,7,7,0.14285714285714285,False,0.0,1.945910149055313,False,False,False,True
505fff84,wrong_size,,False,510.0,245.0,0.0,0.043137254901960784,0.029411764705882353,0.013725490196078431,5.122754002595055,8,0.5,correct,,8,5,0.5,True,0.375,1.3862943611198906,False,False,False,True
506d28a5,correct,1.0,True,510.0,28.0,0.8666666666666667,0.8666666666666667,0.023529411764705882,0.8431372549019608,0.7789952709088672,7,0.42857142857142855,correct,0.5833333333333334,7,5,0.42857142857142855,True,0.2857142857142857,1.4750763110546947,False,False,True,False
50a16a69,correct,1.0,True,510.0,50.0,0.6823529411764706,0.6823529411764706,0.08627450980392157,0.596078431372549,1.6171105901497458,8,0.75,correct,,8,3,0.75,True,0.625,0.7356219397587946,True,False,False,False
50aad11f,correct,1.0,True,510.0,149.0,0.5882352941176471,0.5882352941176471,0.011764705882352941,0.5764705882352941,2.6733077595030617,10,0.8,correct,,10,3,0.8,True,0.7,0.639031859650177,True,False,False,False
50f325b5,close_miss,0.9558823529411765,False,510.0,191.0,0.0,0.18235294117647058,0.09411764705882353,0.08823529411764706,4.234293808595345,7,0.2857142857142857,close_miss,0.9387254901960785,7,6,0.2857142857142857,True,0.14285714285714285,1.7478680974667573,False,False,False,True
516b51b7,correct,1.0,True,510.0,93.0,0.711764705882353,0.711764705882353,0.027450980392156862,0.6843137254901961,1.8256678557317085,8,0.875,correct,0.9372549019607843,8,2,0.875,True,0.75,0.37677016125643675,True,False,False,False
5207a7b5,correct,1.0,True,510.0,25.0,0.4137254901960784,0.4137254901960784,0.12549019607843137,0.28823529411764703,2.147751100357031,9,0.5555555555555556,correct,,9,5,0.5555555555555556,True,0.4444444444444444,1.3030924037617193,True,False,False,False
5289ad53,correct,1.0,True,510.0,20.0,0.4725490196078431,0.4725490196078431,0.11372549019607843,0.3588235294117647,1.969071666977644,11,0.7272727272727273,correct,0.6666666666666667,11,4,0.7272727272727273,True,0.6363636363636364,0.8855741515766717,True,False,False,False
52fd389e,close_miss,0.8620689655172413,False,510.0,176.0,0.0,0.32745098039215687,0.049019607843137254,0.2784313725490196,3.8424679237928854,8,0.75,correct,0.7253269916765755,8,3,0.75,True,0.625,0.7356219397587946,False,True,False,False
54db823b,correct,1.0,True,510.0,66.0,0.8215686274509804,0.8215686274509804,0.01764705882352941,0.803921568627451,1.1754807530641282,7,0.7142857142857143,correct,0.6111111111111112,7,3,0.7142857142857143,True,0.5714285714285714,0.7963116401738131,True,False,False,False
55059096,correct,1.0,True,510.0,15.0,0.9215686274509803,0.9215686274509803,0.023529411764705882,0.8980392156862745,0.4481418953892429,18,0.8888888888888888,correct,0.9411764705882353,18,3,0.8888888888888888,True,0.8333333333333334,0.42584844923858145,True,False,False,False
551d5bf1,correct,1.0,True,510.0,93.0,0.5745098039215686,0.5745098039215686,0.03725490196078431,0.5372549019607843,2.4300833327246383,13,0.8461538461538461,correct,0.7485207100591716,13,3,0.8461538461538461,True,0.7692307692307693,0.5359610497090694,True,False,False,False
55783887,close_miss,0.944078947368421,False,510.0,377.0,0.0,0.013725490196078431,0.013725490196078431,0.0,5.799459005408817,7,0.42857142857142855,close_miss,0.8766447368421053,7,5,0.42857142857142855,True,0.2857142857142857,1.4750763110546947,False,False,False,True
575b1a71,close_miss,0.95,False,510.0,159.0,0.0,0.16470588235294117,0.10588235294117647,0.058823529411764705,4.028405213033387,12,0.9166666666666666,correct,0.95,12,2,0.9166666666666666,True,0.8333333333333334,0.2868359830561607,False,True,False,False
5783df64,correct,1.0,True,510.0,8.0,0.8627450980392157,0.8627450980392157,0.06274509803921569,0.8,0.6181551237307361,15,1.0,correct,,15,1,1.0,True,1.0,0.0,True,False,False,False
5833af48,wrong_content,0.7951388888888888,False,510.0,376.0,0.0,0.013725490196078431,0.011764705882352941,0.00196078431372549,5.791777780036834,7,0.14285714285714285,wrong_size,0.7962962962962963,7,7,0.14285714285714285,True,0.0,1.945910149055313,False,False,False,True
58743b76,correct,1.0,True,510.0,68.0,0.7098039215686275,0.7098039215686275,0.0803921568627451,0.6294117647058823,1.5663812102079029,9,0.7777777777777778,correct,0.9617346938775511,9,3,0.7777777777777778,True,0.6666666666666666,0.6837389058487535,True,False,False,False
58e15b12,close_miss,0.85625,False,510.0,449.0,0.0,0.00784313725490196,0.00784313725490196,0.0,6.054954784736647,12,0.16666666666666666,close_miss,0.9502604166666666,12,10,0.16666666666666666,False,0.0,2.253857589601352,False,False,False,True
59341089,correct,1.0,True,510.0,21.0,0.9529411764705882,0.9529411764705882,0.0058823529411764705,0.9470588235294117,0.32741892806369666,11,0.8181818181818182,correct,0.5555555555555556,11,3,0.8181818181818182,True,0.7272727272727273,0.6001660731596457,True,False,False,False
5a5a2103,correct,1.0,True,510.0,226.0,0.5274509803921569,0.5274509803921569,0.00784313725490196,0.5196078431372549,3.235212957993926,5,1.0,correct,,5,1,1.0,True,1.0,0.0,True,False,False,False
5af49b42,close_miss,0.9771241830065359,False,510.0,415.0,0.0,0.011764705882352941,0.0058823529411764705,0.0058823529411764705,5.955353323394634,14,0.5,correct,0.9291938997821351,14,8,0.5,True,0.42857142857142855,1.6661022550876021,False,False,False,True
5b526a93,correct,1.0,True,510.0,1.0,1.0,1.0,0.0,1.0,0.0,8,1.0,correct,,8,1,1.0,True,1.0,0.0,True,False,False,False
5b692c0f,close_miss,0.9940476190476191,False,510.0,392.0,0.0,0.021568627450980392,0.01764705882352941,0.00392156862745098,5.833437584468936,7,0.14285714285714285,close_miss,0.8961309523809524,7,7,0.14285714285714285,False,0.0,1.945910149055313,False,False,False,True
5b6cbef5,correct,1.0,True,510.0,11.0,0.9313725490196079,0.9313725490196079,0.0196078431372549,0.9117647058823529,0.3829629852210774,13,0.5384615384615384,correct,0.7328125,13,7,0.5384615384615384,True,0.46153846153846156,1.5171515848932915,True,False,False,False
5d2a5c43,correct,1.0,True,510.0,14.0,0.9549019607843137,0.9549019607843137,0.008823529411764706,0.946078431372549,0.2885246447583617,8,0.25,wrong_content,0.5277777777777778,8,7,0.25,True,0.125,1.9061547465398496,False,False,True,False
5ffb2104,close_miss,0.9,False,510.0,200.0,0.0,0.043137254901960784,0.03529411764705882,0.00784313725490196,4.778145419514296,12,0.8333333333333334,correct,0.7,12,3,0.8333333333333334,True,0.75,0.5660857389596289,False,True,False,False
604001fa,close_miss,0.8833333333333333,False,510.0,287.0,0.0,0.09215686274509804,0.08431372549019608,0.00784313725490196,4.943574643125431,11,0.45454545454545453,correct,0.838888888888889,11,7,0.45454545454545453,True,0.36363636363636365,1.666332585328325,False,False,False,True
60a26a3e,correct,1.0,True,510.0,22.0,0.8549019607843137,0.8549019607843137,0.027450980392156862,0.8274509803921568,0.7983388496884343,7,0.5714285714285714,correct,0.6888888888888889,7,4,0.5714285714285714,True,0.42857142857142855,1.15374194270109,True,False,False,False
60c09cac,correct,1.0,True,510.0,87.0,0.6607843137254902,0.6607843137254902,0.058823529411764705,0.6019607843137255,1.8967014181253823,9,0.5555555555555556,correct,0.61,9,5,0.5555555555555556,True,0.4444444444444444,1.3030924037617193,True,False,False,False
626c0bcc,close_miss,0.8571428571428571,False,510.0,176.0,0.0,0.1,0.047058823529411764,0.052941176470588235,4.454454192474445,6,0.6666666666666666,correct,0.7755102040816326,6,3,0.6666666666666666,True,0.5,0.8675632284814612,False,True,False,False
62ab2642,close_miss,0.9666666666666667,True,510.0,38.0,0.17647058823529413,0.4294117647058823,0.17647058823529413,0.2529411764705882,2.0540676215217775,6,0.8333333333333334,correct,0.7,6,2,0.8333333333333334,True,0.6666666666666666,0.45056120886630463,True,False,False,False
62b74c02,correct,1.0,True,510.0,33.0,0.9058823529411765,0.9058823529411765,0.00784313725490196,0.8980392156862745,0.6280490000196842,13,0.7692307692307693,correct,0.5357142857142857,13,4,0.7692307692307693,True,0.6923076923076923,0.7937300551584247,True,False,False,False
639f5a19,correct,1.0,True,510.0,246.0,0.27647058823529413,0.27647058823529413,0.050980392156862744,0.22549019607843138,4.349762733337277,12,0.5833333333333334,correct,0.41625708884688095,12,6,0.5833333333333334,True,0.5,1.349792396172401,True,False,False,False
642248e4,correct,1.0,True,510.0,21.0,0.3235294117647059,0.3235294117647059,0.24313725490196078,0.0803921568627451,2.016380704932925,13,0.7692307692307693,correct,0.9618055555555556,13,4,0.7692307692307693,True,0.6923076923076923,0.7937300551584247,True,False,False,False
642d658d,correct,1.0,True,510.0,6.0,0.46862745098039216,0.46862745098039216,0.38235294117647056,0.08627450980392157,1.1613816210421244,6,0.8333333333333334,correct,0.0,6,2,0.8333333333333334,True,0.6666666666666666,0.45056120886630463,True,False,False,False
64a7c07e,close_miss,0.8958333333333334,False,510.0,217.0,0.0,0.03529411764705882,0.03333333333333333,0.00196078431372549,4.989477017136311,7,0.7142857142857143,correct,0.7916666666666667,7,3,0.7142857142857143,True,0.5714285714285714,0.7963116401738131,False,True,False,False
66e6c45b,correct,1.0,True,510.0,1.0,1.0,1.0,0.0,1.0,0.0,12,0.9166666666666666,correct,,12,2,0.9166666666666666,True,0.8333333333333334,0.2868359830561607,True,False,False,False
66f2d22f,correct,1.0,True,510.0,29.0,0.8431372549019608,0.8431372549019608,0.03137254901960784,0.8117647058823529,0.8832833936660154,11,0.36363636363636365,wrong_size,0.48809523809523814,11,8,0.36363636363636365,True,0.2727272727272727,1.893788232391138,False,False,True,False
67636eac,wrong_size,,False,510.0,307.0,0.0,0.01568627450980392,0.01568627450980392,0.0,5.528613146457838,13,0.9230769230769231,correct,,13,2,0.9230769230769231,True,0.8461538461538461,0.2711893730418441,False,True,False,False
67b4a34d,correct,1.0,True,510.0,189.0,0.4411764705882353,0.4411764705882353,0.03137254901960784,0.40980392156862744,3.4605272970270655,8,0.5,wrong_content,0.078125,8,5,0.5,True,0.375,1.3862943611198906,False,False,True,False
67c52801,correct,1.0,True,510.0,56.0,0.4568627450980392,0.4568627450980392,0.2411764705882353,0.21568627450980393,2.069746351404967,13,0.9230769230769231,correct,,13,2,0.9230769230769231,True,0.8461538461538461,0.2711893730418441,True,False,False,False
68b67ca3,correct,1.0,True,510.0,1.0,1.0,1.0,0.0,1.0,0.0,12,0.8333333333333334,correct,,12,3,0.8333333333333334,True,0.75,0.5660857389596289,True,False,False,False
692cd3b6,close_miss,0.8844444444444445,True,510.0,215.0,0.10784313725490197,0.12156862745098039,0.10784313725490197,0.013725490196078431,4.455924067800506,5,1.0,correct,,5,1,1.0,True,1.0,0.0,True,False,False,False
695367ec,wrong_content,0.68,False,510.0,466.0,0.0,0.00980392156862745,0.00784313725490196,0.00196078431372549,6.102054845155783,9,0.5555555555555556,correct,0.6177777777777778,9,5,0.5555555555555556,True,0.4444444444444444,1.3030924037617193,False,True,False,False
696d4842,close_miss,0.98,False,510.0,225.0,0.0,0.06666666666666667,0.049019607843137254,0.01764705882352941,4.938780971913237,7,0.42857142857142855,close_miss,0.968125,7,5,0.42857142857142855,True,0.2857142857142857,1.4750763110546947,False,False,False,True
69889d6e,correct,1.0,True,510.0,91.0,0.22549019607843138,0.22549019607843138,0.1588235294117647,0.06666666666666667,3.3355300227856763,9,0.6666666666666666,correct,0.8766666666666666,9,4,0.6666666666666666,True,0.5555555555555556,1.0027182645175161,True,False,False,False
6a11f6da,correct,1.0,True,510.0,26.0,0.7431372549019608,0.7431372549019608,0.060784313725490195,0.6823529411764706,1.2180255145563226,13,0.6153846153846154,correct,0.696,13,6,0.6153846153846154,True,0.5384615384615384,1.2852930241200995,True,False,False,False
6ad5bdfd,close_miss,0.84,False,510.0,330.0,0.0,0.03333333333333333,0.01568627450980392,0.01764705882352941,5.562904009125505,8,0.625,correct,0.45333333333333337,8,4,0.625,True,0.5,1.0735428464085233,False,True,False,False
6df30ad6,correct,1.0,True,510.0,48.0,0.6196078431372549,0.6196078431372549,0.22745098039215686,0.39215686274509803,1.433905847107349,14,0.8571428571428571,correct,0.78,14,3,0.8571428571428571,True,0.7857142857142857,0.509137344082687,True,False,False,False
6ea4a07e,correct,1.0,True,510.0,21.5,0.7411764705882353,0.7411764705882353,0.14509803921568626,0.596078431372549,0.9823176308704932,11,0.8181818181818182,correct,0.2777777777777778,11,3,0.8181818181818182,True,0.7272727272727273,0.6001660731596457,True,False,False,False
6f473927,correct,1.0,True,510.0,111.0,0.403921568627451,0.403921568627451,0.056862745098039215,0.34705882352941175,3.17115216642881,9,0.7777777777777778,correct,0.5,9,3,0.7777777777777778,True,0.6666666666666666,0.6837389058487535,True,False,False,False
7039b2d7,wrong_size,,False,510.0,25.0,0.0,0.40588235294117647,0.23137254901960785,0.17450980392156862,1.8317589084000059,12,0.6666666666666666,correct,,12,5,0.6666666666666666,True,0.5833333333333334,1.0986122886681098,False,True,False,False
705a3229,correct,1.0,True,510.0,2.0,0.9980392156862745,0.9980392156862745,0.00196078431372549,0.996078431372549,0.014183195474810515,17,0.9411764705882353,correct,0.8579545454545454,17,2,0.9411764705882353,True,0.8823529411764706,0.22371807606583377,True,False,False,False
712bf12e,close_miss,0.893491124260355,False,510.0,374.0,0.0,0.021568627450980392,0.0196078431372549,0.00196078431372549,5.761361971048044,16,0.75,correct,0.7307692307692307,16,5,0.75,True,0.6875,0.908908734898781,False,True,False,False
72207abc,close_miss,0.9885057471264368,True,510.0,52.0,0.17254901960784313,0.37450980392156863,0.17254901960784313,0.2019607843137255,2.4506782475825504,10,0.5,correct,0.9454022988505747,10,6,0.5,True,0.4,1.4978661367769952,False,False,True,False
72a961c9,correct,1.0,True,510.0,18.0,0.6019607843137255,0.6019607843137255,0.08823529411764706,0.5137254901960784,1.563313179230014,10,0.8,correct,0.898989898989899,10,3,0.8,True,0.7,0.639031859650177,True,False,False,False
73182012,correct,1.0,True,510.0,116.0,0.44509803921568625,0.44509803921568625,0.12941176470588237,0.3156862745098039,2.8677954435990216,19,0.8421052631578947,correct,0.375,19,4,0.8421052631578947,True,0.7894736842105263,0.6096274235960984,True,False,False,False
73c3b0d8,close_miss,0.9479166666666666,False,510.0,55.0,0.0,0.3254901960784314,0.21372549019607842,0.11176470588235295,2.35589493971717,8,0.375,close_miss,0.8916666666666666,8,5,0.375,True,0.125,1.4941751382893085,False,False,False,True
73ccf9c2,wrong_size,,False,510.0,206.0,0.0,0.045098039215686274,0.03333333333333333,0.011764705882352941,4.880232673318683,15,0.6,correct,,15,7,0.6,True,0.5333333333333333,1.3897154547004784,False,True,False,False
759f3fd3,correct,1.0,True,510.0,37.0,0.8294117647058824,0.8294117647058824,0.047058823529411764,0.7823529411764706,0.9470800945185602,7,0.8571428571428571,correct,0.7013888888888888,7,2,0.8571428571428571,True,0.7142857142857143,0.410116318288409,True,False,False,False
762cd429,correct,1.0,True,510.0,30.0,0.907843137254902,0.907843137254902,0.013725490196078431,0.8941176470588236,0.5927834535818205,11,0.7272727272727273,correct,0.5395833333333333,11,4,0.7272727272727273,True,0.6363636363636364,0.8855741515766717,True,False,False,False
770cc55f,correct,1.0,True,510.0,13.0,0.9235294117647059,0.9235294117647059,0.047058823529411764,0.8764705882352941,0.3870716550993852,8,0.75,correct,0.7454545454545455,8,3,0.75,True,0.625,0.7356219397587946,True,False,False,False
782b5218,correct,1.0,True,510.0,298.0,0.1803921568627451,0.1803921568627451,0.10980392156862745,0.07058823529411765,4.684580115606098,8,0.75,correct,0.345,8,3,0.75,True,0.625,0.7356219397587946,True,False,False,False
79369cc6,close_miss,0.9208333333333333,False,510.0,319.0,0.0,0.0196078431372549,0.01764705882352941,0.00196078431372549,5.561986357318856,7,0.42857142857142855,close_miss,0.9135416666666667,7,5,0.42857142857142855,True,0.2857142857142857,1.4750763110546947,False,False,False,True
7953d61e,correct,1.0,True,510.0,92.0,0.7843137254901961,0.7843137254901961,0.00980392156862745,0.7745098039215687,1.471848547760841,11,0.2727272727272727,wrong_content,0.5446428571428571,11,9,0.2727272727272727,True,0.18181818181818182,2.0982737395252498,False,False,True,False
79fb03f4,close_miss,0.9822485207100592,False,510.0,121.0,0.0,0.36666666666666664,0.0803921568627451,0.28627450980392155,3.2721615284621075,6,0.0,close_miss,0.8961538461538462,6,6,0.16666666666666666,False,0.0,1.7917594692280547,False,False,False,True
7bb29440,correct,1.0,True,510.0,155.0,0.15294117647058825,0.15294117647058825,0.06862745098039216,0.08431372549019608,4.277595739203388,7,0.7142857142857143,correct,,7,3,0.7142857142857143,True,0.5714285714285714,0.7963116401738131,True,False,False,False
7c8af763,close_miss,0.92,False,510.0,212.0,0.041176470588235294,0.2549019607843137,0.06666666666666667,0.18823529411764706,4.141897996761291,12,0.6666666666666666,correct,0.5925,12,5,0.6666666666666666,True,0.5833333333333334,1.0986122886681098,False,True,False,False
7c9b52a0,correct,1.0,True,510.0,103.0,0.16862745098039217,0.16862745098039217,0.1607843137254902,0.00784313725490196,3.382856263833699,16,0.8125,correct,,16,4,0.8125,True,0.75,0.6885673693022827,True,False,False,False
7d18a6fb,wrong_content,0.6938775510204082,False,510.0,226.0,0.0,0.03529411764705882,0.03137254901960784,0.00392156862745098,5.022042588158315,13,0.8461538461538461,correct,,13,3,0.8461538461538461,True,0.7692307692307693,0.5359610497090694,False,True,False,False
7d1f7ee8,correct,1.0,True,510.0,7.0,0.9274509803921569,0.9274509803921569,0.03137254901960784,0.8960784313725491,0.357401075569548,10,0.9,correct,,10,2,0.9,True,0.8,0.3250829733914482,True,False,False,False
7d419a02,close_miss,0.986,True,510.0,74.0,0.11568627450980393,0.33725490196078434,0.11568627450980393,0.22156862745098038,2.8121427342819785,7,0.2857142857142857,wrong_content,0.6876,7,6,0.2857142857142857,True,0.14285714285714285,1.7478680974667573,False,False,True,False
7e02026e,correct,1.0,True,510.0,67.0,0.7784313725490196,0.7784313725490196,0.01764705882352941,0.7607843137254902,1.407498209127115,8,0.5,correct,0.8802083333333333,8,5,0.5,True,0.375,1.3862943611198906,False,False,True,False
7ee1c6ea,correct,1.0,True,510.0,5.0,0.9901960784313726,0.9901960784313726,0.00392156862745098,0.9862745098039216,0.06815915484547612,14,0.7857142857142857,correct,0.5633333333333334,14,4,0.7857142857142857,True,0.7142857142857143,0.7549967581308246,True,False,False,False
817e6c09,correct,1.0,True,510.0,11.0,0.9666666666666667,0.9666666666666667,0.0058823529411764705,0.9607843137254902,0.22053164439552825,5,0.4,correct,0.7904761904761904,5,4,0.4,True,0.2,1.3321790402101223,False,False,True,False
81c0276b,wrong_size,,False,510.0,208.0,0.0,0.049019607843137254,0.041176470588235294,0.00784313725490196,4.891927564383402,7,1.0,correct,,7,1,1.0,True,1.0,0.0,False,True,False,False
833dafe3,correct,1.0,True,510.0,445.0,0.060784313725490195,0.060784313725490195,0.00784313725490196,0.052941176470588235,5.920333695622026,10,0.9,correct,,10,2,0.9,True,0.8,0.3250829733914482,True,False,False,False
845d6e51,close_miss,0.954248366013072,False,510.0,416.0,0.0,0.013725490196078431,0.013725490196078431,0.0,5.933393167774745,9,0.8888888888888888,correct,0.8725490196078431,9,2,0.8888888888888888,True,0.7777777777777778,0.34883209584303193,False,True,False,False
84db8fc4,correct,1.0,True,510.0,24.0,0.8686274509803922,0.8686274509803922,0.023529411764705882,0.8450980392156863,0.758405929952709,6,0.3333333333333333,wrong_content,0.8025,6,5,0.3333333333333333,True,0.16666666666666666,1.5607104090414063,False,False,True,False
84f2aca1,correct,1.0,True,510.0,9.0,0.8549019607843137,0.8549019607843137,0.10784313725490197,0.7470588235294118,0.5540933996603514,9,0.7777777777777778,correct,0.7756410256410257,9,3,0.7777777777777778,True,0.6666666666666666,0.6837389058487535,True,False,False,False
8597cfd7,correct,1.0,True,510.0,7.0,0.8490196078431372,0.8490196078431372,0.13725490196078433,0.711764705882353,0.491672114167836,12,0.9166666666666666,correct,,12,2,0.9166666666666666,True,0.8333333333333334,0.2868359830561607,True,False,False,False
85b81ff1,close_miss,0.978021978021978,False,510.0,33.0,0.0,0.37450980392156863,0.0784313725490196,0.296078431372549,2.491576839142578,14,0.42857142857142855,close_miss,0.8537087912087913,14,9,0.42857142857142855,True,0.35714285714285715,1.8711604142318068,False,False,False,True
85fa5666,wrong_content,0.75,False,510.0,236.0,0.0,0.11764705882352941,0.03137254901960784,0.08627450980392157,4.875171747800094,9,0.4444444444444444,correct,0.921875,9,6,0.4444444444444444,True,0.3333333333333333,1.5810937501718239,False,False,False,True
8719f442,correct,1.0,True,510.0,117.0,0.7490196078431373,0.7490196078431373,0.0058823529411764705,0.7431372549019608,1.7465034686425265,7,0.0,close_miss,0.8014814814814814,7,7,0.14285714285714285,False,0.0,1.945910149055313,False,False,True,False
88207623,close_miss,0.9270833333333334,False,510.0,393.0,0.0,0.00980392156862745,0.00980392156862745,0.0,5.866081845519896,11,0.8181818181818182,correct,0.859375,11,3,0.8181818181818182,True,0.7272727272727273,0.6001660731596457,False,True,False,False
891232d6,close_miss,0.88,False,510.0,466.0,0.0,0.0058823529411764705,0.0058823529411764705,0.0,6.109678975506394,6,0.16666666666666666,close_miss,0.8429629629629629,6,6,0.16666666666666666,False,0.0,1.7917594692280547,False,False,False,True
896d5239,close_miss,0.9777777777777777,False,510.0,249.0,0.0,0.058823529411764705,0.049019607843137254,0.00980392156862745,4.976400168560035,9,0.6666666666666666,correct,0.9530864197530864,9,4,0.6666666666666666,True,0.5555555555555556,1.0027182645175161,False,True,False,False
8a371977,correct,1.0,True,510.0,68.0,0.8352941176470589,0.8352941176470589,0.00784313725490196,0.8274509803921568,1.1245009168638735,7,0.8571428571428571,correct,0.017777777777777778,7,2,0.8571428571428571,True,0.7142857142857143,0.410116318288409,True,False,False,False
8b28cd80,close_miss,0.9691358024691358,False,510.0,86.0,0.008823529411764706,0.453921568627451,0.0784313725490196,0.37549019607843137,2.6280602513841704,13,0.3076923076923077,correct,0.6893004115226337,13,10,0.3076923076923077,True,0.23076923076923078,2.1383972463477248,False,False,False,True
8ba14f53,wrong_content,0.5555555555555556,False,510.0,149.0,0.0,0.12352941176470589,0.07058823529411765,0.052941176470588235,4.217976383719858,13,0.5384615384615384,correct,0.5111111111111112,13,7,0.5384615384615384,True,0.46153846153846156,1.5171515848932915,False,True,False,False
8cb8642d,correct,1.0,True,510.0,132.0,0.4980392156862745,0.4980392156862745,0.021568627450980392,0.4764705882352941,2.9999258497539865,5,1.0,correct,,5,1,1.0,True,1.0,0.0,True,False,False,False
8dae5dfc,close_miss,0.9473684210526315,False,510.0,455.0,0.00196078431372549,0.01764705882352941,0.011764705882352941,0.0058823529411764705,6.053569101964216,7,0.8571428571428571,correct,0.9578947368421052,7,2,0.8571428571428571,True,0.7142857142857143,0.410116318288409,False,True,False,False
8e2edd66,correct,1.0,True,510.0,68.0,0.8352941176470589,0.8352941176470589,0.00784313725490196,0.8274509803921568,1.1261931643488838,15,0.26666666666666666,wrong_content,0.6745230078563412,15,11,0.26666666666666666,True,0.13333333333333333,2.2459520807289133,False,False,True,False
8ee62060,close_miss,0.9795918367346939,True,510.0,353.0,0.01764705882352941,0.027450980392156862,0.01764705882352941,0.00980392156862745,5.67736662172395,11,0.7272727272727273,correct,0.75,11,4,0.7272727272727273,True,0.6363636363636364,0.8855741515766717,True,False,False,False
8fbca751,close_miss,0.9583333333333334,False,510.0,61.0,0.050980392156862744,0.3509803921568627,0.10980392156862745,0.2411764705882353,2.715015654653231,10,0.8,correct,0.6041666666666667,10,3,0.8,True,0.7,0.639031859650177,False,True,False,False
90347967,close_miss,0.9876543209876543,False,510.0,118.0,0.03137254901960784,0.1980392156862745,0.12745098039215685,0.07058823529411765,3.5548444008134226,8,0.25,wrong_content,0.8004115226337448,8,7,0.25,True,0.125,1.9061547465398496,False,False,False,True
903d1b4a,correct,1.0,True,510.0,5.0,0.9862745098039216,0.9862745098039216,0.00784313725490196,0.9784313725490196,0.0883283080621981,18,0.8333333333333334,correct,0.8997395833333334,18,4,0.8333333333333334,True,0.7777777777777778,0.6336632569776564,True,False,False,False
9110e3c5,close_miss,0.7777777777777777,False,510.0,89.5,0.004901960784313725,0.12843137254901962,0.09901960784313726,0.029411764705882353,3.6143363209189685,8,1.0,correct,,8,1,1.0,True,1.0,0.0,False,True,False,False
917bccba,close_miss,0.8888888888888888,True,510.0,99.0,0.11372549019607843,0.2627450980392157,0.11372549019607843,0.14901960784313725,3.0852564342076367,13,0.7692307692307693,correct,0.7268518518518517,13,4,0.7692307692307693,True,0.6923076923076923,0.7937300551584247,True,False,False,False
929ab4e9,close_miss,0.9722222222222222,False,510.0,113.0,0.0,0.6529411764705882,0.00980392156862745,0.6431372549019608,2.2359628021782227,8,0.25,close_miss,0.9482060185185186,8,7,0.25,True,0.125,1.9061547465398496,False,False,False,True
92e50de0,correct,1.0,True,510.0,45.0,0.29215686274509806,0.29215686274509806,0.19607843137254902,0.09607843137254903,2.5362372006312897,7,0.8571428571428571,correct,0.9809750297265161,7,2,0.8571428571428571,True,0.7142857142857143,0.410116318288409,True,False,False,False
9356391f,close_miss,0.875,False,510.0,240.0,0.0,0.19607843137254902,0.045098039215686274,0.15098039215686274,4.518254968073109,9,0.5555555555555556,correct,0.640625,9,5,0.5555555555555556,True,0.4444444444444444,1.3030924037617193,False,True,False,False
93b4f4b3,close_miss,0.8705882352941177,False,510.0,415.0,0.0,0.013725490196078431,0.00784313725490196,0.0058823529411764705,5.9425955799287244,8,0.75,correct,,8,3,0.75,True,0.625,0.7356219397587946,False,True,False,False
93c31fbe,correct,1.0,True,510.0,222.0,0.22549019607843138,0.22549019607843138,0.07450980392156863,0.15098039215686274,4.333627042955538,10,0.7,correct,0.970467032967033,10,4,0.7,True,0.6,0.9404479886553263,True,False,False,False
94133066,wrong_size,,False,510.0,359.0,0.0,0.013725490196078431,0.011764705882352941,0.00196078431372549,5.7534986630626985,8,0.25,wrong_size,,8,7,0.25,True,0.125,1.9061547465398496,False,False,False,True
94414823,correct,1.0,True,510.0,38.0,0.8941176470588236,0.8941176470588236,0.00980392156862745,0.884313725490196,0.7059882123329154,15,0.8666666666666667,correct,0.89,15,3,0.8666666666666667,True,0.8,0.48509409130221154,True,False,False,False
94be5b80,close_miss,0.8518518518518519,False,510.0,364.0,0.0,0.01764705882352941,0.01764705882352941,0.0,5.719611984474932,8,0.875,correct,,8,2,0.875,True,0.75,0.37677016125643675,False,True,False,False
95a58926,correct,1.0,True,510.0,1.0,1.0,1.0,0.0,1.0,0.0,10,0.8,correct,0.9461279461279462,10,3,0.8,True,0.7,0.639031859650177,True,False,False,False
963f59bc,close_miss,0.9464285714285714,False,510.0,133.0,0.0,0.06470588235294118,0.052941176470588235,0.011764705882352941,4.268029186022547,10,0.9,correct,0.08482142857142858,10,2,0.9,True,0.8,0.3250829733914482,False,True,False,False
96a8c0cd,close_miss,0.9124668435013262,False,510.0,435.0,0.0,0.00980392156862745,0.00784313725490196,0.00196078431372549,6.01507166955611,10,0.5,correct,0.7685676392572943,10,6,0.5,True,0.4,1.4978661367769952,False,False,False,True
97239e3d,correct,1.0,True,510.0,110.0,0.5980392156862745,0.5980392156862745,0.0392156862745098,0.5588235294117647,2.432116984920644,14,0.7142857142857143,correct,0.8347750865051904,14,5,0.7142857142857143,True,0.6428571428571429,0.994353691762369,True,False,False,False
9772c176,correct,1.0,True,510.0,9.0,0.8960784313725491,0.8960784313725491,0.056862745098039215,0.8392156862745098,0.4754790975018732,7,0.5714285714285714,correct,0.7666666666666666,7,4,0.5714285714285714,True,0.42857142857142855,1.15374194270109,True,False,False,False
981571dc,correct,1.0,True,510.0,25.0,0.7823529411764706,0.7823529411764706,0.06862745098039216,0.7137254901960784,1.0459620844228323,8,0.625,correct,0.6681481481481483,8,4,0.625,True,0.5,1.0735428464085233,True,False,False,False
992798f6,correct,1.0,True,510.0,28.0,0.8352941176470589,0.8352941176470589,0.0392156862745098,0.796078431372549,0.8942117699880666,10,0.7,correct,0.951171875,10,4,0.7,True,0.6,0.9404479886553263,True,False,False,False
99306f82,correct,1.0,True,510.0,178.0,0.615686274509804,0.615686274509804,0.00784313725490196,0.6078431372549019,2.636479691791945,10,0.7,correct,0.6908333333333333,10,4,0.7,True,0.6,0.9404479886553263,True,False,False,False
9a4bb226,correct,1.0,True,510.0,90.0,0.692156862745098,0.692156862745098,0.041176470588235294,0.6509803921568628,1.840621347357,10,0.7,correct,0.0,10,4,0.7,True,0.6,0.9404479886553263,True,False,False,False
9b2a60aa,close_miss,0.9102564102564102,False,510.0,299.0,0.0,0.03333333333333333,0.03333333333333333,0.0,5.372923869115029,13,0.5384615384615384,correct,0.8846153846153846,13,7,0.5384615384615384,True,0.46153846153846156,1.5171515848932915,False,True,False,False
9b365c51,correct,1.0,True,510.0,268.0,0.07647058823529412,0.07647058823529412,0.06862745098039216,0.00784313725490196,5.010471201138724,7,0.5714285714285714,correct,0.7729591836734694,7,4,0.5714285714285714,True,0.42857142857142855,1.15374194270109,True,False,False,False
9b4c17c4,close_miss,0.8941077441077441,False,510.0,278.5,0.000980392156862745,0.054901960784313725,0.03823529411764706,0.016666666666666666,5.161642066138774,6,0.8333333333333334,correct,0.8,6,2,0.8333333333333334,True,0.6666666666666666,0.45056120886630463,False,True,False,False
9bebae7a,close_miss,0.8787878787878788,False,510.0,87.0,0.0,0.1568627450980392,0.09803921568627451,0.058823529411764705,3.3955128912143926,13,0.6923076923076923,correct,0.8371212121212122,13,5,0.6923076923076923,True,0.6153846153846154,1.0437938808441543,False,True,False,False
9c1e755f,correct,1.0,True,510.0,114.0,0.4843137254901961,0.4843137254901961,0.07254901960784314,0.4117647058823529,2.808038903186156,15,0.7333333333333333,correct,0.8125,15,5,0.7333333333333333,True,0.6666666666666666,0.9495936677167384,True,False,False,False
9c56f360,close_miss,0.9629629629629629,False,510.0,159.0,0.011764705882352941,0.09019607843137255,0.06862745098039216,0.021568627450980392,4.238823823200305,10,0.6,correct,0.6944444444444444,10,5,0.6,True,0.5,1.2275294114572126,False,True,False,False
9caba7c3,correct,1.0,True,510.0,140.0,0.5725490196078431,0.5725490196078431,0.025490196078431372,0.5470588235294118,2.6878784744695206,8,0.5,correct,0.9325946445060018,8,5,0.5,True,0.375,1.3862943611198906,False,False,True,False
9ddd00f0,correct,1.0,True,510.0,78.0,0.7098039215686275,0.7098039215686275,0.0196078431372549,0.6901960784313725,1.7892075892958688,12,0.6666666666666666,correct,0.5844875346260388,12,5,0.6666666666666666,True,0.5833333333333334,1.0986122886681098,True,False,False,False
9def23fe,correct,1.0,True,510.0,4.0,0.9882352941176471,0.9882352941176471,0.00392156862745098,0.984313725490196,0.0768865645589019,9,0.4444444444444444,close_miss,0.944,9,5,0.4444444444444444,True,0.2222222222222222,1.4270610433807247,False,False,True,False
9f27f097,correct,1.0,True,510.0,46.0,0.6549019607843137,0.6549019607843137,0.10784313725490197,0.5470588235294118,1.654957937384595,10,0.7,correct,0.96875,10,4,0.7,True,0.6,0.9404479886553263,True,False,False,False
a04b2602,correct,1.0,True,510.0,82.0,0.707843137254902,0.707843137254902,0.021568627450980392,0.6862745098039216,1.8074407512516575,11,0.8181818181818182,correct,0.9953703703703705,11,3,0.8181818181818182,True,0.7272727272727273,0.6001660731596457,True,False,False,False
a096bf4d,correct,1.0,True,510.0,163.0,0.1411764705882353,0.1411764705882353,0.056862745098039215,0.08431372549019608,4.372262853926306,13,0.5384615384615384,correct,0.9388560157790927,13,7,0.5384615384615384,True,0.46153846153846156,1.5171515848932915,True,False,False,False
a3f84088,close_miss,0.9388888888888889,False,510.0,379.0,0.0,0.00784313725490196,0.00784313725490196,0.0,5.839442516627681,5,0.6,correct,0.6455555555555555,5,3,0.6,True,0.4,0.9502705392332347,False,True,False,False
a406ac07,correct,1.0,True,510.0,32.0,0.9176470588235294,0.9176470588235294,0.00392156862745098,0.9137254901960784,0.5623864110874353,11,0.8181818181818182,correct,0.885,11,3,0.8181818181818182,True,0.7272727272727273,0.6001660731596457,True,False,False,False
a57f2f04,correct,1.0,True,510.0,304.0,0.03333333333333333,0.03333333333333333,0.0196078431372549,0.013725490196078431,5.464231633489445,9,0.4444444444444444,correct,0.9055944055944055,9,6,0.4444444444444444,True,0.3333333333333333,1.5810937501718239,False,False,True,False
a59b95c0,correct,1.0,True,510.0,64.0,0.7745098039215687,0.7745098039215687,0.049019607843137254,0.7254901960784313,1.3065026930644772,13,0.6153846153846154,correct,,13,6,0.6153846153846154,True,0.5384615384615384,1.2852930241200995,True,False,False,False
a680ac02,wrong_size,,False,510.0,262.0,0.00392156862745098,0.041176470588235294,0.0392156862745098,0.00196078431372549,5.1491558545325935,10,0.8,correct,,10,3,0.8,True,0.7,0.639031859650177,False,True,False,False
a8610ef7,correct,1.0,True,510.0,89.0,0.5549019607843138,0.5549019607843138,0.043137254901960784,0.5117647058823529,2.3914962808244256,8,0.0,wrong_content,0.6041666666666667,8,8,0.125,False,0.0,2.0794415416798357,False,False,True,False
a934301b,correct,1.0,True,510.0,148.0,0.5470588235294118,0.5470588235294118,0.09019607843137255,0.4568627450980392,2.6802613280454692,14,0.8571428571428571,correct,0.9358974358974359,14,3,0.8571428571428571,True,0.7857142857142857,0.509137344082687,True,False,False,False
aa18de87,correct,1.0,True,510.0,5.0,0.9725490196078431,0.9725490196078431,0.013725490196078431,0.9588235294117647,0.15791170119964465,9,0.6666666666666666,correct,0.8472222222222223,9,4,0.6666666666666666,True,0.5555555555555556,1.0027182645175161,True,False,False,False
aa300dc3,close_miss,0.99,True,510.0,73.0,0.06274509803921569,0.6607843137254902,0.06274509803921569,0.5980392156862745,1.8970520014927268,10,1.0,correct,,10,1,1.0,True,1.0,0.0,True,False,False,False
aa4ec2a5,close_miss,0.9415954415954416,False,510.0,332.0,0.0,0.025490196078431372,0.01764705882352941,0.00784313725490196,5.597696789132691,14,0.7857142857142857,correct,0.7098765432098766,14,4,0.7857142857142857,True,0.7142857142857143,0.7549967581308246,False,True,False,False
aab50785,wrong_size,,False,510.0,332.0,0.0,0.041176470588235294,0.023529411764705882,0.01764705882352941,5.5148961371901315,8,0.375,wrong_size,,8,6,0.375,True,0.25,1.6674619334292948,False,False,False,True
ac0c5833,close_miss,0.9958847736625515,False,510.0,212.0,0.0,0.050980392156862744,0.045098039215686274,0.0058823529411764705,4.883442592025487,11,0.8181818181818182,correct,0.9314128943758573,11,3,0.8181818181818182,True,0.7272727272727273,0.6001660731596457,False,True,False,False
ac2e8ecf,wrong_content,0.775,False,510.0,457.0,0.0,0.00980392156862745,0.00784313725490196,0.00196078431372549,6.0775908270183745,7,0.5714285714285714,correct,0.058333333333333334,7,4,0.5714285714285714,True,0.42857142857142855,1.15374194270109,False,True,False,False
ac3e2b04,correct,1.0,True,510.0,2.0,0.9941176470588236,0.9941176470588236,0.0058823529411764705,0.9882352941176471,0.03607559692085341,15,0.7333333333333333,correct,0.8758680555555556,15,5,0.7333333333333333,True,0.6666666666666666,0.9495936677167384,True,False,False,False
ac605cbb,close_miss,0.8099173553719008,False,510.0,384.0,0.0,0.00980392156862745,0.00980392156862745,0.0,5.837289942723292,12,0.4166666666666667,close_miss,0.886658795749705,12,7,0.4166666666666667,True,0.25,1.6987829895138011,False,False,False,True
ad7e01d0,wrong_size,,False,510.0,494.0,0.0,0.0058823529411764705,0.00392156862745098,0.00196078431372549,6.189893161166025,18,0.2222222222222222,wrong_size,0.7664,18,15,0.2222222222222222,True,0.16666666666666666,2.5823063443139667,False,False,False,True
ae58858e,correct,1.0,True,510.0,3.0,0.9882352941176471,0.9882352941176471,0.00980392156862745,0.9784313725490196,0.06926243420829242,10,0.7,correct,0.826388888888889,10,4,0.7,True,0.6,0.9404479886553263,True,False,False,False
aee291af,wrong_content,0.72,False,510.0,108.0,0.0,0.6196078431372549,0.021568627450980392,0.5980392156862745,2.3572839209900383,11,0.7272727272727273,correct,0.2,11,4,0.7272727272727273,True,0.6363636363636364,0.8855741515766717,False,True,False,False
af22c60d,correct,1.0,True,510.0,134.0,0.2784313725490196,0.2784313725490196,0.050980392156862744,0.22745098039215686,3.7989947842606875,6,0.5,close_miss,0.9777777777777777,6,4,0.5,True,0.3333333333333333,1.242453324894,False,False,True,False
af24b4cc,correct,1.0,True,510.0,4.0,0.9764705882352941,0.9764705882352941,0.011764705882352941,0.9647058823529412,0.1330840889814774,10,0.9,correct,,10,2,0.9,True,0.8,0.3250829733914482,True,False,False,False
b0722778,wrong_content,0.625,False,510.0,283.0,0.00196078431372549,0.043137254901960784,0.027450980392156862,0.01568627450980392,5.319485770643969,10,0.3,wrong_content,0.421875,10,8,0.3,True,0.2,1.9730014063936123,False,False,False,True
b0f4d537,close_miss,0.9761904761904762,False,510.0,155.0,0.0058823529411764705,0.40588235294117647,0.07450980392156863,0.33137254901960783,3.3442150328129765,12,0.75,correct,0.8809523809523809,12,4,0.75,True,0.6666666666666666,0.8369882167858358,False,True,False,False
b15fca0b,close_miss,0.82,False,510.0,170.0,0.0,0.22156862745098038,0.06862745098039216,0.15294117647058825,4.024920751735137,11,1.0,correct,,11,1,1.0,True,1.0,0.0,False,True,False,False
b1fc8b8e,close_miss,0.9199999999999999,False,510.0,26.5,0.30686274509803924,0.5911764705882353,0.1411764705882353,0.45,1.5799441283010411,8,0.625,correct,0.72,8,4,0.625,True,0.5,1.0735428464085233,False,True,False,False
b20f7c8b,wrong_content,0.7929292929292929,False,510.0,169.0,0.0,0.1450980392156863,0.13333333333333333,0.011764705882352941,3.9294658792161345,11,0.5454545454545454,correct,0.7848484848484848,11,6,0.5454545454545454,True,0.45454545454545453,1.4205719259467045,False,True,False,False
b457fec5,close_miss,0.8470209339774557,False,510.0,504.0,0.0,0.0058823529411764705,0.00392156862745098,0.00196078431372549,6.217075403540925,6,0.6666666666666666,correct,0.9114331723027376,6,3,0.6666666666666666,True,0.5,0.8675632284814612,False,True,False,False
b4a43f3b,close_miss,0.9629629629629629,False,510.0,323.0,0.0,0.027450980392156862,0.027450980392156862,0.0,5.527097621891148,10,0.3,wrong_size,0.9176954732510287,10,8,0.3,True,0.2,1.9730014063936123,False,False,False,True
b7999b51,wrong_size,,False,510.0,329.0,0.0,0.013725490196078431,0.011764705882352941,0.00196078431372549,5.624957199432584,15,0.8,correct,0.9666666666666667,15,4,0.8,True,0.7333333333333333,0.7201248812718097,False,True,False,False
b7cb93ac,wrong_size,,False,510.0,135.0,0.0,0.07254901960784314,0.07254901960784314,0.0,4.197655017612945,15,0.8,correct,0.16666666666666666,15,4,0.8,True,0.7333333333333333,0.7201248812718097,False,True,False,False
b7f8a4d8,correct,1.0,True,510.0,32.0,0.9117647058823529,0.9117647058823529,0.0058823529411764705,0.9058823529411765,0.5931847275123072,10,0.3,close_miss,0.8858730158730158,10,7,0.3,True,0.1,1.8343719702816237,False,False,True,False
b7fb29bc,close_miss,0.9066666666666666,False,510.0,316.0,0.0058823529411764705,0.03137254901960784,0.029411764705882353,0.00196078431372549,5.437808576104585,9,0.7777777777777778,correct,0.8622222222222222,9,3,0.7777777777777778,True,0.6666666666666666,0.6837389058487535,False,True,False,False
b942fd60,wrong_content,0.7416666666666667,False,510.0,424.0,0.0,0.011764705882352941,0.00980392156862745,0.00196078431372549,5.972552917201383,15,0.26666666666666666,wrong_content,0.7092592592592593,15,12,0.26666666666666666,True,0.2,2.338371704803573,False,False,False,True
b9630600,correct,1.0,True,510.0,66.0,0.4980392156862745,0.4980392156862745,0.056862745098039215,0.4411764705882353,2.5233206960266363,9,0.6666666666666666,correct,0.83,9,4,0.6666666666666666,True,0.5555555555555556,1.0027182645175161,True,False,False,False
ba9d41b8,correct,1.0,True,510.0,471.0,0.013725490196078431,0.013725490196078431,0.0058823529411764705,0.00784313725490196,6.113896848197952,6,1.0,correct,,6,1,1.0,True,1.0,0.0,True,False,False,False
baf41dbf,close_miss,0.9264705882352942,True,510.0,164.0,0.1607843137254902,0.22941176470588234,0.1607843137254902,0.06862745098039216,3.7907867841998515,11,0.6363636363636364,correct,0.8235294117647058,11,5,0.6363636363636364,True,0.5454545454545454,1.159588814308626,True,False,False,False
bb52a14b,close_miss,0.9710743801652892,False,510.0,277.0,0.0,0.07254901960784314,0.03529411764705882,0.03725490196078431,5.213000415303438,8,0.5,close_miss,0.9509297520661156,8,5,0.5,True,0.375,1.3862943611198906,False,False,False,True
bbb1b8b6,close_miss,0.9375,False,510.0,56.5,0.49313725490196075,0.5333333333333333,0.04607843137254902,0.4872549019607843,2.0133092995420374,13,0.6923076923076923,correct,,13,5,0.6923076923076923,True,0.6153846153846154,1.0437938808441543,False,True,False,False
bc4146bd,correct,1.0,True,510.0,1.0,1.0,1.0,0.0,1.0,0.0,12,0.4166666666666667,correct,0.328125,12,8,0.4166666666666667,True,0.3333333333333333,1.8143075196071257,False,False,True,False
bcb3040b,close_miss,0.9969135802469136,True,510.0,140.0,0.17058823529411765,0.19019607843137254,0.17058823529411765,0.0196078431372549,3.37358192726587,7,0.7142857142857143,correct,0.9583333333333333,7,3,0.7142857142857143,True,0.5714285714285714,0.7963116401738131,True,False,False,False
bd14c3bf,close_miss,0.8698060941828255,False,510.0,305.0,0.0,0.047058823529411764,0.03529411764705882,0.011764705882352941,5.274403790929542,16,0.625,correct,0.8508771929824562,16,7,0.625,True,0.5625,1.3334730391185028,False,True,False,False
be03b35f,wrong_content,0.5,True,510.0,7.0,0.13529411764705881,0.7058823529411765,0.13529411764705881,0.5705882352941176,0.9705022981275562,10,0.7,correct,0.625,10,4,0.7,True,0.6,0.9404479886553263,True,False,False,False
bf32578f,correct,1.0,True,510.0,20.0,0.4725490196078431,0.4725490196078431,0.3843137254901961,0.08823529411764706,1.3495312490882858,10,0.4,correct,0.8958333333333334,10,7,0.4,True,0.3,1.7480673485460891,False,False,True,False
bf699163,correct,1.0,True,510.0,76.0,0.592156862745098,0.592156862745098,0.03529411764705882,0.5568627450980392,2.247733680569335,9,1.0,correct,,9,1,1.0,True,1.0,0.0,True,False,False,False
bf89d739,correct,1.0,True,510.0,3.0,0.9803921568627451,0.9803921568627451,0.013725490196078431,0.9666666666666667,0.10848669214878837,8,0.875,correct,0.9453781512605042,8,2,0.875,True,0.75,0.37677016125643675,True,False,False,False
c074846d,close_miss,0.9528619528619529,False,510.0,26.0,0.0029411764705882353,0.3852941176470588,0.242156862745098,0.14313725490196078,1.9744239660481688,9,0.7777777777777778,correct,0.8765432098765432,9,3,0.7777777777777778,True,0.6666666666666666,0.6837389058487535,False,True,False,False
c1990cce,wrong_size,,False,510.0,485.0,0.0,0.00784313725490196,0.0058823529411764705,0.00196078431372549,6.160658965286168,9,0.4444444444444444,correct,0.9584775086505191,9,6,0.4444444444444444,True,0.3333333333333333,1.5810937501718239,False,False,False,True
c3202e5a,correct,1.0,True,510.0,62.0,0.6627450980392157,0.6627450980392157,0.10588235294117647,0.5568627450980392,1.7263062006630507,9,0.8888888888888888,correct,,9,2,0.8888888888888888,True,0.7777777777777778,0.34883209584303193,True,False,False,False
c35c1b4c,close_miss,0.92,False,510.0,176.0,0.0,0.056862745098039215,0.052941176470588235,0.00392156862745098,4.707397850685602,9,0.4444444444444444,correct,0.762,9,6,0.4444444444444444,True,0.3333333333333333,1.5810937501718239,False,False,False,True
c48954c1,correct,1.0,True,510.0,77.0,0.8431372549019608,0.8431372549019608,0.00392156862745098,0.8392156862745098,1.1109346136004288,7,0.42857142857142855,wrong_content,0.5761316872427983,7,5,0.42857142857142855,True,0.2857142857142857,1.4750763110546947,False,False,True,False
c62e2108,correct,1.0,True,510.0,56.0,0.46078431372549017,0.46078431372549017,0.13529411764705881,0.3254901960784314,2.34163289183549,9,0.5555555555555556,correct,0.8198784722222222,9,5,0.5555555555555556,True,0.4444444444444444,1.3030924037617193,True,False,False,False
c64f1187,wrong_size,,False,510.0,335.0,0.0,0.01764705882352941,0.01568627450980392,0.00196078431372549,5.6623327227427005,15,0.8,correct,0.9256198347107438,15,4,0.8,True,0.7333333333333333,0.7201248812718097,False,True,False,False
c658a4bd,wrong_size,,False,510.0,442.0,0.0,0.00980392156862745,0.00980392156862745,0.0,6.022730907877956,10,0.6,correct,,10,5,0.6,True,0.5,1.2275294114572126,False,True,False,False
c663677b,correct,1.0,True,510.0,1.0,1.0,1.0,0.0,1.0,0.0,8,0.375,close_miss,0.766803840877915,8,6,0.375,True,0.25,1.6674619334292948,False,False,True,False
c6e1b8da,close_miss,0.825,False,510.0,418.0,0.0,0.00784313725490196,0.00784313725490196,0.0,5.961815748622092,9,0.7777777777777778,correct,0.82375,9,3,0.7777777777777778,True,0.6666666666666666,0.6837389058487535,False,True,False,False
c7d4e6ad,correct,1.0,True,510.0,8.0,0.9784313725490196,0.9784313725490196,0.00392156862745098,0.9745098039215686,0.14492911939584724,8,0.875,correct,0.78,8,2,0.875,True,0.75,0.37677016125643675,True,False,False,False
c87289bb,close_miss,0.94,False,510.0,66.0,0.01568627450980392,0.6411764705882353,0.09607843137254903,0.5450980392156862,1.8134478675798815,8,0.875,correct,0.78,8,2,0.875,True,0.75,0.37677016125643675,False,True,False,False
c8b7cc0f,wrong_content,0.3333333333333333,False,510.0,44.0,0.00196078431372549,0.22941176470588234,0.18235294117647058,0.047058823529411764,2.598758021390275,11,0.8181818181818182,correct,0.611111111111111,11,3,0.8181818181818182,True,0.7272727272727273,0.6001660731596457,False,True,False,False
c92b942c,close_miss,0.9506172839506173,True,510.0,147.0,0.023529411764705882,0.615686274509804,0.023529411764705882,0.592156862745098,2.5020718577244208,12,0.3333333333333333,correct,0.5349794238683128,12,9,0.3333333333333333,True,0.25,2.022808529414704,False,False,True,False
c97c0139,correct,1.0,True,510.0,35.0,0.5117647058823529,0.5117647058823529,0.08431372549019608,0.42745098039215684,2.13238679106435,11,0.5454545454545454,correct,0.7976190476190477,11,6,0.5454545454545454,True,0.45454545454545453,1.4205719259467045,True,False,False,False
ca8de6ea,correct,1.0,True,510.0,17.0,0.9529411764705882,0.9529411764705882,0.0058823529411764705,0.9470588235294117,0.3144940776087778,11,0.7272727272727273,correct,0.7777777777777778,11,4,0.7272727272727273,True,0.6363636363636364,0.8855741515766717,True,False,False,False
ca8f78db,correct,1.0,True,510.0,1.0,1.0,1.0,0.0,1.0,0.0,8,1.0,correct,,8,1,1.0,True,1.0,0.0,True,False,False,False
cad67732,correct,1.0,True,510.0,189.0,0.43137254901960786,0.43137254901960786,0.041176470588235294,0.39019607843137255,3.4239658930503776,10,0.8,correct,0.785,10,3,0.8,True,0.7,0.639031859650177,True,False,False,False
cb227835,correct,1.0,True,510.0,94.0,0.30392156862745096,0.30392156862745096,0.12352941176470589,0.1803921568627451,3.1377790824819796,8,0.5,correct,0.8873626373626373,8,5,0.5,True,0.375,1.3862943611198906,False,False,True,False
ccd554ac,wrong_size,,False,510.0,482.0,0.0,0.0058823529411764705,0.0058823529411764705,0.0,6.1531705633062295,10,0.4,wrong_size,0.6304000000000001,10,7,0.4,True,0.3,1.7480673485460891,False,False,False,True
cd3c21df,correct,1.0,True,510.0,52.0,0.7647058823529411,0.7647058823529411,0.03529411764705882,0.7294117647058823,1.3915195138340872,12,0.9166666666666666,correct,,12,2,0.9166666666666666,True,0.8333333333333334,0.2868359830561607,True,False,False,False
ce039d91,close_miss,0.95,False,510.0,228.0,0.0,0.043137254901960784,0.03529411764705882,0.00784313725490196,5.023249432299571,13,0.3076923076923077,close_miss,0.8866666666666666,13,10,0.3076923076923077,True,0.23076923076923078,2.1383972463477248,False,False,False,True
ce8d95cc,correct,1.0,True,510.0,112.0,0.43529411764705883,0.43529411764705883,0.1,0.3352941176470588,2.9164609414472618,6,0.5,correct,,6,4,0.5,True,0.3333333333333333,1.242453324894,False,False,True,False
cf133acc,correct,1.0,True,510.0,3.0,0.996078431372549,0.996078431372549,0.00196078431372549,0.9941176470588236,0.028362538718628694,9,0.7777777777777778,correct,0.5466666666666666,9,3,0.7777777777777778,True,0.6666666666666666,0.6837389058487535,True,False,False,False
cfb2ce5a,wrong_content,0.74,False,510.0,377.0,0.0,0.03333333333333333,0.0196078431372549,0.013725490196078431,5.738444912775324,14,0.42857142857142855,wrong_content,0.61375,14,9,0.42857142857142855,True,0.35714285714285715,1.8711604142318068,False,False,False,True
d017b73f,wrong_content,0.6666666666666666,False,510.0,161.0,0.0,0.10980392156862745,0.10392156862745099,0.0058823529411764705,4.187255343569422,12,0.5,correct,0.625,12,7,0.5,True,0.4166666666666667,1.589026915173973,False,False,False,True
d19f7514,correct,1.0,True,510.0,22.0,0.8274509803921568,0.8274509803921568,0.027450980392156862,0.8,0.9323198092455528,13,0.3076923076923077,wrong_content,0.6614583333333333,13,10,0.3076923076923077,True,0.23076923076923078,2.1383972463477248,False,False,True,False
d282b262,close_miss,0.8533333333333334,False,510.0,444.0,0.0,0.00784313725490196,0.0058823529411764705,0.00196078431372549,6.046133841291646,7,0.5714285714285714,correct,0.64,7,4,0.5714285714285714,True,0.42857142857142855,1.15374194270109,False,True,False,False
d2acf2cb,correct,1.0,True,510.0,15.0,0.9549019607843138,0.9549019607843138,0.00980392156862745,0.9450980392156862,0.2948292797325758,9,0.6666666666666666,correct,0.7592592592592592,9,4,0.6666666666666666,True,0.5555555555555556,1.0027182645175161,True,False,False,False
d304284e,close_miss,0.9425465838509317,False,510.0,449.0,0.0,0.00784313725490196,0.0058823529411764705,0.00196078431372549,6.055621055469176,12,0.75,correct,0.8206521739130435,12,4,0.75,True,0.6666666666666666,0.8369882167858358,False,True,False,False
d37a1ef5,correct,1.0,True,510.0,5.0,0.9882352941176471,0.9882352941176471,0.00392156862745098,0.984313725490196,0.07960478879639188,10,0.9,correct,0.782051282051282,10,2,0.9,True,0.8,0.3250829733914482,True,False,False,False
d47aa2ff,correct,1.0,True,510.0,12.0,0.7019607843137254,0.7019607843137254,0.12745098039215685,0.5745098039215686,1.1489095176748205,7,0.5714285714285714,correct,0.9450000000000001,7,4,0.5714285714285714,True,0.42857142857142855,1.15374194270109,True,False,False,False
d492a647,correct,1.0,True,510.0,1.0,1.0,1.0,0.0,1.0,0.0,9,0.5555555555555556,correct,0.7284313725490196,9,5,0.5555555555555556,True,0.4444444444444444,1.3030924037617193,True,False,False,False
d4b1c2b1,wrong_size,,False,510.0,75.0,0.0,0.8254901960784313,0.013725490196078431,0.8117647058823529,1.1923857499637274,12,0.5,wrong_size,,12,6,0.5,True,0.3333333333333333,1.4735023850806486,False,False,False,True
d4c90558,wrong_size,,False,510.0,313.0,0.0,0.01568627450980392,0.013725490196078431,0.00196078431372549,5.569881944410806,10,1.0,correct,,10,1,1.0,True,1.0,0.0,False,True,False,False
d56f2372,wrong_size,,False,510.0,368.0,0.0,0.013725490196078431,0.011764705882352941,0.00196078431372549,5.774578186230087,7,0.5714285714285714,correct,0.9629629629629629,7,4,0.5714285714285714,True,0.42857142857142855,1.15374194270109,False,True,False,False
d5c634a2,close_miss,0.8888888888888888,False,510.0,182.0,0.021568627450980392,0.061764705882352944,0.051960784313725486,0.00980392156862745,4.5779829477063565,12,0.4166666666666667,correct,0.6481481481481481,12,8,0.4166666666666667,True,0.3333333333333333,1.8143075196071252,False,False,False,True
d931c21c,close_miss,0.9955555555555555,False,510.0,328.0,0.0,0.0803921568627451,0.025490196078431372,0.054901960784313725,5.435842215599752,11,0.8181818181818182,correct,0.9877777777777778,11,3,0.8181818181818182,True,0.7272727272727273,0.6001660731596457,False,True,False,False
d94c3b52,close_miss,0.8094117647058824,False,510.0,308.0,0.0,0.11372549019607843,0.058823529411764705,0.054901960784313725,5.118704287438582,8,0.5,correct,0.7964705882352942,8,5,0.5,True,0.375,1.3862943611198906,False,False,False,True
da2b0fe3,close_miss,0.94,False,510.0,31.5,0.5372549019607843,0.5421568627450981,0.10686274509803922,0.43529411764705883,1.4054232478518631,11,0.9090909090909091,correct,0.36,11,2,0.9090909090909091,True,0.8181818181818182,0.30463609734923813,False,True,False,False
da515329,correct,1.0,True,510.0,353.0,0.06862745098039216,0.06862745098039216,0.0196078431372549,0.049019607843137254,5.571808759635795,7,0.42857142857142855,correct,0.5281065088757397,7,5,0.42857142857142855,True,0.2857142857142857,1.4750763110546947,False,False,True,False
dc2aa30b,wrong_content,0.7272727272727273,False,510.0,452.0,0.0,0.011764705882352941,0.00784313725490196,0.00392156862745098,6.060391233211624,10,0.3,wrong_content,0.7131050767414404,10,8,0.3,True,0.2,1.9730014063936125,False,False,False,True
dc2e9a9d,close_miss,0.9815270935960592,False,510.0,404.0,0.0,0.00980392156862745,0.00784313725490196,0.00196078431372549,5.903211628491706,15,0.8666666666666667,correct,0.8854679802955665,15,3,0.8666666666666667,True,0.8,0.48509409130221154,False,True,False,False
dd2401ed,close_miss,0.9714285714285714,False,510.0,115.0,0.1,0.12156862745098039,0.11176470588235295,0.00980392156862745,3.6260935823577407,10,0.5,correct,0.8476190476190476,10,6,0.5,True,0.4,1.4978661367769952,False,False,False,True
de493100,wrong_size,,False,510.0,374.0,0.0,0.00784313725490196,0.00784313725490196,0.0,5.828569619677725,6,0.6666666666666666,correct,,6,3,0.6666666666666666,True,0.5,0.8675632284814612,False,True,False,False
df8cc377,close_miss,0.9335664335664335,False,510.0,455.0,0.0,0.0058823529411764705,0.0058823529411764705,0.0,6.073622648379127,9,0.6666666666666666,correct,0.8723776223776224,9,4,0.6666666666666666,True,0.5555555555555556,1.0027182645175161,False,True,False,False
e0fb7511,correct,1.0,True,510.0,8.0,0.9490196078431372,0.9490196078431372,0.021568627450980392,0.9274509803921569,0.2798824019494631,10,0.7,correct,0.8658777120315583,10,4,0.7,True,0.6,0.9404479886553263,True,False,False,False
e133d23d,correct,1.0,True,510.0,3.0,0.9823529411764705,0.9823529411764705,0.01568627450980392,0.9666666666666667,0.09489074733218336,10,0.6,correct,0.5,10,5,0.6,True,0.5,1.2275294114572126,True,False,False,False
e1baa8a4,wrong_size,,False,510.0,288.0,0.0,0.03333333333333333,0.025490196078431372,0.00784313725490196,5.387412024153444,10,0.9,correct,,10,2,0.9,True,0.8,0.3250829733914482,False,True,False,False
e1d2900e,close_miss,0.9977777777777778,False,510.0,15.0,0.0,0.39019607843137255,0.21764705882352942,0.17254901960784313,1.8196039974988996,11,0.7272727272727273,correct,0.9755555555555555,11,4,0.7272727272727273,True,0.6363636363636364,0.8855741515766717,False,True,False,False
e2092e0c,close_miss,0.9333333333333333,False,510.0,335.0,0.0,0.025490196078431372,0.01568627450980392,0.00980392156862745,5.603752029248138,8,0.125,close_miss,0.768888888888889,8,8,0.125,False,0.0,2.0794415416798357,False,False,False,True
e21a174a,wrong_content,0.7902668759811617,False,510.0,374.5,0.0,0.0196078431372549,0.016666666666666666,0.0029411764705882353,5.764643944105618,9,0.6666666666666666,correct,0.6326530612244898,9,4,0.6666666666666666,True,0.5555555555555556,1.0027182645175161,False,True,False,False
e345f17b,correct,1.0,True,510.0,19.0,0.907843137254902,0.907843137254902,0.01764705882352941,0.8901960784313725,0.5427716695118094,9,0.5555555555555556,correct,0.75,9,5,0.5555555555555556,True,0.4444444444444444,1.3030924037617193,True,False,False,False
e4075551,correct,1.0,True,510.0,45.0,0.8352941176470589,0.8352941176470589,0.029411764705882353,0.8058823529411765,0.9981822430806313,9,0.7777777777777778,correct,,9,3,0.7777777777777778,True,0.6666666666666666,0.6837389058487535,True,False,False,False
e41c6fd3,correct,1.0,True,510.0,409.0,0.060784313725490195,0.060784313725490195,0.01764705882352941,0.043137254901960784,5.798933299072728,15,0.5333333333333333,correct,0.8192810457516341,15,8,0.5333333333333333,True,0.4666666666666667,1.5990147122062977,True,False,False,False
e57337a4,correct,1.0,True,510.0,16.0,0.5450980392156862,0.5450980392156862,0.34901960784313724,0.19607843137254902,1.141451951304158,15,0.8666666666666667,correct,0.5,15,3,0.8666666666666667,True,0.8,0.48509409130221154,True,False,False,False
e5790162,close_miss,0.9833333333333333,False,510.0,217.0,0.0,0.060784313725490195,0.043137254901960784,0.01764705882352941,4.87245619188123,14,0.5714285714285714,correct,0.91875,14,7,0.5714285714285714,True,0.5,1.450805020083924,False,True,False,False
e5c44e8f,wrong_content,0.743801652892562,False,510.0,358.0,0.0,0.03137254901960784,0.01568627450980392,0.01568627450980392,5.692251222691212,13,0.46153846153846156,correct,0.7884297520661158,13,8,0.46153846153846156,True,0.38461538461538464,1.7379834485870502,False,False,False,True
e619ca6e,close_miss,0.8571428571428571,False,510.0,377.0,0.0,0.011764705882352941,0.011764705882352941,0.0,5.7957145800577425,9,0.6666666666666666,correct,0.8836206896551724,9,4,0.6666666666666666,True,0.5555555555555556,1.0027182645175161,False,True,False,False
e633a9e5,correct,1.0,True,510.0,6.0,0.9882352941176471,0.9882352941176471,0.00392156862745098,0.984313725490196,0.08232301303388186,6,0.6666666666666666,correct,0.6200000000000001,6,3,0.6666666666666666,True,0.5,0.8675632284814612,True,False,False,False
e66aafb8,correct,1.0,True,510.0,140.0,0.5254901960784314,0.5254901960784314,0.03529411764705882,0.49019607843137253,2.8982019800028493,13,0.7692307692307693,correct,0.16666666666666666,13,4,0.7692307692307693,True,0.6923076923076923,0.7937300551584247,True,False,False,False
e681b708,correct,1.0,True,510.0,112.0,0.2568627450980392,0.2568627450980392,0.1,0.1568627450980392,3.559218787121427,8,0.625,correct,0.9423076923076923,8,4,0.625,True,0.5,1.0735428464085233,True,False,False,False
e69241bd,close_miss,0.9753086419753086,False,510.0,108.0,0.041176470588235294,0.29411764705882354,0.22156862745098038,0.07254901960784314,2.5821953461138056,9,0.6666666666666666,correct,0.5267489711934156,9,4,0.6666666666666666,True,0.5555555555555556,1.0027182645175161,False,True,False,False
e6de6e8f,wrong_size,,False,510.0,253.0,0.0,0.058823529411764705,0.041176470588235294,0.01764705882352941,4.9897258279843575,10,0.1,close_miss,0.8727678571428572,10,10,0.1,False,0.0,2.3025850929940455,False,False,False,True
e74e1818,close_miss,0.8977777777777778,False,510.0,437.0,0.0,0.00784313725490196,0.00784313725490196,0.0,6.0202841403818095,12,0.75,correct,0.8933333333333334,12,4,0.75,True,0.6666666666666666,0.8369882167858358,False,True,False,False
e760a62e,correct,1.0,True,510.0,113.0,0.3352941176470588,0.3352941176470588,0.08431372549019608,0.25098039215686274,3.202057584657085,10,0.8,correct,0.9387755102040817,10,3,0.8,True,0.7,0.639031859650177,True,False,False,False
e7639916,correct,1.0,True,510.0,8.0,0.9764705882352941,0.9764705882352941,0.00784313725490196,0.9686274509803922,0.15363306978700575,11,0.7272727272727273,correct,,11,4,0.7272727272727273,True,0.6363636363636364,0.8855741515766717,True,False,False,False
e78887d1,wrong_content,0.5777777777777777,False,510.0,323.0,0.0,0.025490196078431372,0.0196078431372549,0.0058823529411764705,5.557769924212991,11,0.45454545454545453,correct,0.6577777777777778,11,7,0.45454545454545453,True,0.36363636363636365,1.666332585328325,False,False,False,True
e7a25a18,close_miss,0.84,True,510.0,211.0,0.06862745098039216,0.07058823529411765,0.06862745098039216,0.00196078431372549,4.629247702575492,11,0.8181818181818182,correct,,11,3,0.8181818181818182,True,0.7272727272727273,0.6001660731596457,True,False,False,False
e7b06bea,correct,1.0,True,510.0,48.0,0.8058823529411765,0.8058823529411765,0.0392156862745098,0.7666666666666667,1.131641541899699,16,0.375,correct,0.7037037037037038,16,10,0.375,True,0.25,2.0140355237092673,False,False,True,False
e7dd8335,close_miss,0.898989898989899,False,510.0,169.0,0.023529411764705882,0.1,0.08823529411764706,0.011764705882352941,4.245143028628417,8,0.875,correct,,8,2,0.875,True,0.75,0.37677016125643675,False,True,False,False
e872b94a,wrong_size,,True,510.0,3.0,0.22156862745098038,0.7705882352941177,0.22156862745098038,0.5490196078431373,0.5727495915544623,15,0.6,correct,,15,7,0.6,True,0.5333333333333333,1.3897154547004784,True,False,False,False
e88171ec,correct,1.0,True,510.0,18.0,0.792156862745098,0.792156862745098,0.06666666666666667,0.7254901960784313,0.9288696162254463,11,0.8181818181818182,correct,0.6122448979591837,11,3,0.8181818181818182,True,0.7272727272727273,0.6001660731596457,True,False,False,False
e95e3d8e,correct,1.0,True,510.0,312.0,0.09607843137254903,0.09607843137254903,0.0392156862745098,0.056862745098039215,5.252558845510471,7,0.7142857142857143,correct,0.9214876033057852,7,3,0.7142857142857143,True,0.5714285714285714,0.7963116401738131,True,False,False,False
e99362f0,correct,1.0,True,510.0,73.0,0.4764705882352941,0.4764705882352941,0.27058823529411763,0.20588235294117646,2.032943812538519,17,0.23529411764705882,wrong_content,0.6416666666666667,17,14,0.23529411764705882,True,0.17647058823529413,2.5070264355574183,False,False,True,False
e9ac8c9e,correct,1.0,True,510.0,117.0,0.23529411764705882,0.23529411764705882,0.1980392156862745,0.03725490196078431,3.2354885862026066,12,0.75,correct,0.7748148148148148,12,4,0.75,True,0.6666666666666666,0.8369882167858358,True,False,False,False
e9b4f6fc,correct,1.0,True,510.0,224.0,0.12745098039215685,0.12745098039215685,0.03529411764705882,0.09215686274509804,4.755431137753609,10,0.7,correct,0.7333333333333333,10,4,0.7,True,0.6,0.9404479886553263,True,False,False,False
e9bb6954,correct,1.0,True,510.0,8.0,0.9803921568627451,0.9803921568627451,0.00392156862745098,0.9764705882352941,0.1335030153370861,9,0.5555555555555556,correct,0.896583564173592,9,5,0.5555555555555556,True,0.4444444444444444,1.303092403761719,True,False,False,False
e9c9d9a1,correct,1.0,True,510.0,1.0,1.0,1.0,0.0,1.0,0.0,11,0.8181818181818182,correct,0.6888888888888889,11,3,0.8181818181818182,True,0.7272727272727273,0.6001660731596457,True,False,False,False
ea959feb,correct,1.0,True,510.0,279.0,0.3862745098039216,0.3862745098039216,0.00980392156862745,0.3764705882352941,4.079955778285757,12,0.9166666666666666,correct,0.9836363636363636,12,2,0.9166666666666666,True,0.8333333333333334,0.2868359830561607,True,False,False,False
ea9794b1,correct,1.0,True,510.0,83.0,0.5294117647058824,0.5294117647058824,0.1450980392156863,0.3843137254901961,2.127870661528232,9,0.2222222222222222,wrong_content,0.6533333333333334,9,8,0.2222222222222222,True,0.1111111111111111,2.0431918705451206,False,False,True,False
ecaa0ec1,close_miss,0.9752066115702479,False,510.0,19.0,0.0,0.2627450980392157,0.25098039215686274,0.011764705882352941,2.034817768166106,10,0.6,correct,0.9648760330578513,10,5,0.6,True,0.5,1.2275294114572126,False,True,False,False
ed74f2f2,wrong_content,0.2222222222222222,False,510.0,87.0,0.07647058823529412,0.5294117647058824,0.13137254901960785,0.3980392156862745,2.2587543787992046,11,0.6363636363636364,correct,0.07407407407407407,11,4,0.6363636363636364,True,0.45454545454545453,1.0335620542068176,False,True,False,False
ed98d772,wrong_content,0.6388888888888888,False,510.0,273.0,0.0,0.029411764705882353,0.029411764705882353,0.0,5.2636446353001265,10,0.3,wrong_content,0.5476190476190477,10,8,0.3,True,0.2,1.9730014063936123,False,False,False,True
ef26cbf6,correct,1.0,True,510.0,2.0,0.9980392156862745,0.9980392156862745,0.00196078431372549,0.996078431372549,0.014183195474810515,10,0.8,correct,0.8896103896103896,10,3,0.8,True,0.7,0.639031859650177,True,False,False,False
f0afb749,correct,1.0,True,510.0,53.0,0.6274509803921569,0.6274509803921569,0.06862745098039216,0.5588235294117647,1.8536332141515894,16,0.75,correct,0.8888888888888888,16,5,0.75,True,0.6875,0.908908734898781,True,False,False,False
f0df5ff0,correct,1.0,True,510.0,49.0,0.884313725490196,0.884313725490196,0.013725490196078431,0.8705882352941177,0.7886306058978639,9,0.7777777777777778,correct,0.7911111111111111,9,3,0.7777777777777778,True,0.6666666666666666,0.6837389058487535,True,False,False,False
f21745ec,close_miss,0.8300395256916996,False,510.0,423.0,0.0,0.00980392156862745,0.00980392156862745,0.0,5.971031506058283,12,0.75,correct,0.8162055335968379,12,4,0.75,True,0.6666666666666666,0.8369882167858358,False,True,False,False
f3b10344,close_miss,0.9919540229885058,False,510.0,106.0,0.043137254901960784,0.23333333333333334,0.14705882352941177,0.08627450980392157,3.31668637958118,8,0.375,close_miss,0.9583908045977012,8,5,0.375,True,0.125,1.4941751382893085,False,False,False,True
f3cdc58f,wrong_content,0.75,False,510.0,462.0,0.0,0.00784313725490196,0.00784313725490196,0.0,6.093369630081453,9,0.8888888888888888,correct,0.59,9,2,0.8888888888888888,True,0.7777777777777778,0.34883209584303193,False,True,False,False
f3e62deb,close_miss,0.84,False,510.0,23.5,0.0,0.6647058823529413,0.10098039215686275,0.5637254901960784,1.2560955707629087,7,0.7142857142857143,correct,0.84,7,3,0.7142857142857143,True,0.5714285714285714,0.7963116401738131,False,True,False,False
f4081712,correct,1.0,True,510.0,246.0,0.22745098039215686,0.22745098039215686,0.03333333333333333,0.19411764705882353,4.585142903933782,12,0.6666666666666666,correct,0.125,12,5,0.6666666666666666,True,0.5833333333333334,1.0986122886681098,True,False,False,False
f45f5ca7,close_miss,0.89,False,510.0,160.0,0.0,0.09607843137254903,0.08823529411764706,0.00784313725490196,4.122881447917801,15,1.0,correct,,15,1,1.0,True,1.0,0.0,False,True,False,False
f5aa3634,wrong_size,,False,510.0,236.0,0.0,0.050980392156862744,0.045098039215686274,0.0058823529411764705,5.003551387640119,14,0.8571428571428571,correct,,14,3,0.8571428571428571,True,0.7857142857142857,0.509137344082687,False,True,False,False
f5c89df1,close_miss,0.9408284023668639,False,510.0,351.0,0.0,0.041176470588235294,0.011764705882352941,0.029411764705882353,5.667734287607542,10,0.3,close_miss,0.8284023668639053,10,8,0.3,True,0.2,1.9730014063936125,False,False,False,True
f823c43c,correct,1.0,True,510.0,331.0,0.2901960784313726,0.2901960784313726,0.01568627450980392,0.27450980392156865,4.6729629633877074,10,0.8,correct,0.705078125,10,3,0.8,True,0.7,0.639031859650177,True,False,False,False
f83cb3f6,correct,1.0,True,510.0,26.0,0.8274509803921568,0.8274509803921568,0.043137254901960784,0.7843137254901961,0.9221089404521091,13,0.7692307692307693,correct,0.9222222222222222,13,4,0.7692307692307693,True,0.6923076923076923,0.7937300551584247,True,False,False,False
f8be4b64,correct,1.0,True,510.0,141.0,0.1450980392156863,0.1450980392156863,0.11764705882352941,0.027450980392156862,3.9156787153158166,8,0.5,correct,0.8767313019390582,8,5,0.5,True,0.375,1.3862943611198906,False,False,True,False
f9a67cb5,close_miss,0.9428571428571428,False,510.0,299.0,0.0,0.06274509803921569,0.03137254901960784,0.03137254901960784,5.345699515011015,9,0.2222222222222222,wrong_content,0.8081632653061225,9,8,0.2222222222222222,True,0.1111111111111111,2.0431918705451206,False,False,False,True
f9d67f8b,close_miss,0.9555555555555556,False,510.0,378.0,0.0,0.00784313725490196,0.00784313725490196,0.0,5.839442516627683,6,0.5,correct,0.8672222222222222,6,4,0.5,True,0.3333333333333333,1.242453324894,False,False,False,True
fafd9572,close_miss,0.9642857142857143,False,510.0,217.0,0.0058823529411764705,0.21372549019607842,0.0784313725490196,0.13529411764705881,4.323324725702966,12,0.9166666666666666,correct,0.7678571428571429,12,2,0.9166666666666666,True,0.8333333333333334,0.2868359830561607,False,True,False,False
fb791726,correct,1.0,True,510.0,141.0,0.5588235294117647,0.5588235294117647,0.041176470588235294,0.5176470588235295,2.694615480706804,10,0.8,correct,0.71875,10,3,0.8,True,0.7,0.639031859650177,True,False,False,False
fc754716,correct,1.0,True,510.0,24.0,0.8980392156862745,0.8980392156862745,0.013725490196078431,0.884313725490196,0.6107905483709021,7,0.8571428571428571,correct,0.4603174603174603,7,2,0.8571428571428571,True,0.7142857142857143,0.410116318288409,True,False,False,False
fd096ab6,close_miss,0.9677777777777777,False,510.0,348.0,0.0,0.0196078431372549,0.0196078431372549,0.0,5.713448440893149,12,0.6666666666666666,correct,0.48194444444444445,12,5,0.6666666666666666,True,0.5833333333333334,1.0986122886681098,False,True,False,False
fd4b2b02,close_miss,0.8671875,False,510.0,358.0,0.0,0.021568627450980392,0.01568627450980392,0.0058823529411764705,5.7133185209397315,10,0.4,wrong_size,0.79296875,10,7,0.4,True,0.3,1.7480673485460891,False,False,False,True
fe9372f3,close_miss,0.9568627450980393,False,510.0,391.0,0.0,0.011764705882352941,0.00980392156862745,0.00196078431372549,5.870457209271157,12,0.6666666666666666,correct,0.8568627450980393,12,5,0.6666666666666666,True,0.5833333333333334,1.0986122886681098,False,True,False,False
fea12743,close_miss,0.9204545454545454,False,510.0,325.0,0.0,0.03529411764705882,0.029411764705882353,0.0058823529411764705,5.493298890061735,11,0.09090909090909091,close_miss,0.8602272727272728,11,11,0.09090909090909091,False,0.0,2.3978952727983707,False,False,False,True
ff72ca3e,close_miss,0.915,False,510.0,458.0,0.0,0.00784313725490196,0.00784313725490196,0.0,6.080444779626534,13,0.5384615384615384,correct,0.7911111111111112,13,7,0.5384615384615384,True,0.46153846153846156,1.5171515848932915,False,True,False,False
